"633470회차,2번 슬롯,1~3,짝,우"
"633471회차,4번 슬롯,4~6,짝,우"
"633472회차,3번 슬롯,1~3,홀,우"
"633473회차,3번 슬롯,1~3,홀,좌"
"633474회차,2번 슬롯,1~3,짝,좌"
"633475회차,4번 슬롯,4~6,짝,좌"
"633476회차,2번 슬롯,1~3,짝,좌"
"633477회차,4번 슬롯,4~6,짝,우"
"633478회차,4번 슬롯,4~6,짝,좌"
"633479회차,2번 슬롯,1~3,짝,좌"
"633480회차,3번 슬롯,1~3,홀,좌"
"633481회차,2번 슬롯,1~3,짝,좌"
"633482회차,5번 슬롯,4~6,홀,우"
"633483회차,2번 슬롯,1~3,짝,우"
"633484회차,4번 슬롯,4~6,짝,우"
"633485회차,4번 슬롯,4~6,짝,우"
"633486회차,1번 슬롯,1~3,홀,좌"
"633487회차,5번 슬롯,4~6,홀,우"
"633488회차,5번 슬롯,4~6,홀,좌"
"633489회차,3번 슬롯,1~3,홀,우"
"633490회차,4번 슬롯,4~6,짝,우"
"633491회차,3번 슬롯,1~3,홀,좌"
"633492회차,6번 슬롯,4~6,짝,우"
"633493회차,4번 슬롯,4~6,짝,우"
"633494회차,2번 슬롯,1~3,짝,좌"
"633495회차,6번 슬롯,4~6,짝,우"
"633496회차,4번 슬롯,4~6,짝,좌"
"633497회차,4번 슬롯,4~6,짝,우"
"633498회차,4번 슬롯,4~6,짝,우"
"633499회차,3번 슬롯,1~3,홀,우"
"633500회차,3번 슬롯,1~3,홀,좌"
"633501회차,4번 슬롯,4~6,짝,좌"
"633502회차,2번 슬롯,1~3,짝,좌"
"633503회차,4번 슬롯,4~6,짝,우"
"633504회차,3번 슬롯,1~3,홀,좌"
"633505회차,2번 슬롯,1~3,짝,우"
"633506회차,3번 슬롯,1~3,홀,좌"
"633507회차,4번 슬롯,4~6,짝,우"
"633508회차,4번 슬롯,4~6,짝,좌"
"633509회차,3번 슬롯,1~3,홀,좌"
"633510회차,5번 슬롯,4~6,홀,우"
"633511회차,4번 슬롯,4~6,짝,좌"
"633512회차,4번 슬롯,4~6,짝,우"
"633513회차,3번 슬롯,1~3,홀,좌"
"633514회차,3번 슬롯,1~3,홀,좌"
"633515회차,2번 슬롯,1~3,짝,좌"
"633516회차,5번 슬롯,4~6,홀,우"
"633517회차,3번 슬롯,1~3,홀,좌"
"633518회차,4번 슬롯,4~6,짝,좌"
"633519회차,3번 슬롯,1~3,홀,좌"
"633520회차,4번 슬롯,4~6,짝,좌"
"633521회차,4번 슬롯,4~6,짝,우"
"633522회차,2번 슬롯,1~3,짝,좌"
"633523회차,6번 슬롯,4~6,짝,우"
"633524회차,4번 슬롯,4~6,짝,우"
"633525회차,3번 슬롯,1~3,홀,좌"
"633526회차,5번 슬롯,4~6,홀,우"
"633527회차,4번 슬롯,4~6,짝,좌"
"633528회차,2번 슬롯,1~3,짝,좌"
"633529회차,2번 슬롯,1~3,짝,좌"
"633530회차,4번 슬롯,4~6,짝,좌"
"633531회차,2번 슬롯,1~3,짝,좌"
"633532회차,2번 슬롯,1~3,짝,좌"
"633533회차,3번 슬롯,1~3,홀,우"
"633534회차,4번 슬롯,4~6,짝,좌"
"633535회차,6번 슬롯,4~6,짝,우"
"633536회차,2번 슬롯,1~3,짝,좌"
"633537회차,3번 슬롯,1~3,홀,우"
"633538회차,4번 슬롯,4~6,짝,좌"
"633539회차,3번 슬롯,1~3,홀,좌"
"633540회차,5번 슬롯,4~6,홀,우"
"633541회차,3번 슬롯,1~3,홀,우"
"633542회차,3번 슬롯,1~3,홀,우"
"633543회차,2번 슬롯,1~3,짝,좌"
"633544회차,2번 슬롯,1~3,짝,좌"
"633545회차,2번 슬롯,1~3,짝,우"
"633546회차,4번 슬롯,4~6,짝,좌"
"633547회차,4번 슬롯,4~6,짝,우"
"633548회차,2번 슬롯,1~3,짝,좌"
"633549회차,4번 슬롯,4~6,짝,우"
"633550회차,5번 슬롯,4~6,홀,우"
"633551회차,3번 슬롯,1~3,홀,좌"
"633552회차,3번 슬롯,1~3,홀,우"
"633553회차,5번 슬롯,4~6,홀,우"
"633554회차,4번 슬롯,4~6,짝,우"
"633555회차,3번 슬롯,1~3,홀,좌"
"633556회차,3번 슬롯,1~3,홀,우"
"633557회차,3번 슬롯,1~3,홀,우"
"633558회차,4번 슬롯,4~6,짝,우"
"633559회차,3번 슬롯,1~3,홀,우"
"633560회차,1번 슬롯,1~3,홀,좌"
"633561회차,1번 슬롯,1~3,홀,좌"
"633562회차,6번 슬롯,4~6,짝,우"
"633563회차,3번 슬롯,1~3,홀,좌"
"633564회차,4번 슬롯,4~6,짝,우"
"633565회차,3번 슬롯,1~3,홀,좌"
"633566회차,2번 슬롯,1~3,짝,좌"
"633567회차,6번 슬롯,4~6,짝,우"
"633568회차,4번 슬롯,4~6,짝,좌"
"633569회차,5번 슬롯,4~6,홀,우"
"633570회차,4번 슬롯,4~6,짝,우"
"633571회차,3번 슬롯,1~3,홀,우"
"633572회차,5번 슬롯,4~6,홀,좌"
"633573회차,4번 슬롯,4~6,짝,우"
"633574회차,1번 슬롯,1~3,홀,좌"
"633575회차,5번 슬롯,4~6,홀,우"
"633576회차,5번 슬롯,4~6,홀,우"
"633577회차,4번 슬롯,4~6,짝,우"
"633578회차,3번 슬롯,1~3,홀,좌"
"633579회차,2번 슬롯,1~3,짝,좌"
"633580회차,2번 슬롯,1~3,짝,좌"
"633581회차,3번 슬롯,1~3,홀,좌"
"633582회차,3번 슬롯,1~3,홀,좌"
"633583회차,4번 슬롯,4~6,짝,좌"
"633584회차,5번 슬롯,4~6,홀,좌"
"633585회차,4번 슬롯,4~6,짝,우"
"633586회차,4번 슬롯,4~6,짝,좌"
"633587회차,5번 슬롯,4~6,홀,우"
"633588회차,2번 슬롯,1~3,짝,좌"
"633589회차,4번 슬롯,4~6,짝,좌"
"633590회차,3번 슬롯,1~3,홀,좌"
"633591회차,3번 슬롯,1~3,홀,우"
"633592회차,4번 슬롯,4~6,짝,좌"
"633593회차,2번 슬롯,1~3,짝,우"
"633594회차,4번 슬롯,4~6,짝,우"
"633595회차,3번 슬롯,1~3,홀,좌"
"633596회차,4번 슬롯,4~6,짝,우"
"633597회차,3번 슬롯,1~3,홀,좌"
"633598회차,2번 슬롯,1~3,짝,좌"
"633599회차,5번 슬롯,4~6,홀,우"
"633600회차,3번 슬롯,1~3,홀,우"
"633601회차,3번 슬롯,1~3,홀,좌"
"633602회차,2번 슬롯,1~3,짝,우"
"633603회차,3번 슬롯,1~3,홀,좌"
"633604회차,4번 슬롯,4~6,짝,우"
"633605회차,3번 슬롯,1~3,홀,우"
"633606회차,4번 슬롯,4~6,짝,우"
"633607회차,5번 슬롯,4~6,홀,우"
"633608회차,3번 슬롯,1~3,홀,우"
"633609회차,4번 슬롯,4~6,짝,우"
"633610회차,4번 슬롯,4~6,짝,좌"
"633611회차,3번 슬롯,1~3,홀,좌"
"633612회차,4번 슬롯,4~6,짝,좌"
"633613회차,4번 슬롯,4~6,짝,우"
"633614회차,4번 슬롯,4~6,짝,좌"
"633615회차,2번 슬롯,1~3,짝,좌"
"633616회차,4번 슬롯,4~6,짝,좌"
"633617회차,5번 슬롯,4~6,홀,우"
"633618회차,4번 슬롯,4~6,짝,좌"
"633619회차,3번 슬롯,1~3,홀,좌"
"633620회차,3번 슬롯,1~3,홀,우"
"633621회차,3번 슬롯,1~3,홀,우"
"633622회차,3번 슬롯,1~3,홀,좌"
"633623회차,4번 슬롯,4~6,짝,우"
"633624회차,3번 슬롯,1~3,홀,우"
"633625회차,6번 슬롯,4~6,짝,우"
"633626회차,4번 슬롯,4~6,짝,우"
"633627회차,5번 슬롯,4~6,홀,우"
"633628회차,6번 슬롯,4~6,짝,우"
"633629회차,3번 슬롯,1~3,홀,좌"
"633630회차,4번 슬롯,4~6,짝,우"
"633631회차,5번 슬롯,4~6,홀,우"
"633632회차,3번 슬롯,1~3,홀,우"
"633633회차,5번 슬롯,4~6,홀,우"
"633634회차,2번 슬롯,1~3,짝,우"
"633635회차,2번 슬롯,1~3,짝,좌"
"633636회차,4번 슬롯,4~6,짝,우"
"633637회차,3번 슬롯,1~3,홀,좌"
"633638회차,1번 슬롯,1~3,홀,좌"
"633639회차,5번 슬롯,4~6,홀,좌"
"633640회차,4번 슬롯,4~6,짝,우"
"633641회차,4번 슬롯,4~6,짝,우"
"633642회차,6번 슬롯,4~6,짝,우"
"633643회차,2번 슬롯,1~3,짝,좌"
"633644회차,4번 슬롯,4~6,짝,우"
"633645회차,5번 슬롯,4~6,홀,좌"
"633646회차,3번 슬롯,1~3,홀,좌"
"633647회차,3번 슬롯,1~3,홀,우"
"633648회차,5번 슬롯,4~6,홀,우"
"633649회차,2번 슬롯,1~3,짝,좌"
"633650회차,3번 슬롯,1~3,홀,좌"
"633651회차,3번 슬롯,1~3,홀,우"
"633652회차,5번 슬롯,4~6,홀,우"
"633653회차,5번 슬롯,4~6,홀,우"
"633654회차,4번 슬롯,4~6,짝,좌"
"633655회차,1번 슬롯,1~3,홀,좌"
"633656회차,4번 슬롯,4~6,짝,우"
"633657회차,5번 슬롯,4~6,홀,우"
"633658회차,2번 슬롯,1~3,짝,좌"
"633659회차,4번 슬롯,4~6,짝,우"
"633660회차,4번 슬롯,4~6,짝,우"
"633661회차,2번 슬롯,1~3,짝,좌"
"633662회차,4번 슬롯,4~6,짝,좌"
"633663회차,3번 슬롯,1~3,홀,좌"
"633664회차,5번 슬롯,4~6,홀,우"
"633665회차,3번 슬롯,1~3,홀,좌"
"633666회차,5번 슬롯,4~6,홀,우"
"633667회차,4번 슬롯,4~6,짝,좌"
"633668회차,4번 슬롯,4~6,짝,좌"
"633669회차,4번 슬롯,4~6,짝,우"
"633670회차,3번 슬롯,1~3,홀,좌"
"633671회차,4번 슬롯,4~6,짝,우"
"633672회차,3번 슬롯,1~3,홀,좌"
"633673회차,3번 슬롯,1~3,홀,좌"
"633674회차,6번 슬롯,4~6,짝,우"
"633675회차,4번 슬롯,4~6,짝,좌"
"633676회차,4번 슬롯,4~6,짝,우"
"633677회차,4번 슬롯,4~6,짝,우"
"633678회차,3번 슬롯,1~3,홀,좌"
"633679회차,4번 슬롯,4~6,짝,우"
"633680회차,5번 슬롯,4~6,홀,우"
"633681회차,5번 슬롯,4~6,홀,우"
"633682회차,4번 슬롯,4~6,짝,우"
"633683회차,3번 슬롯,1~3,홀,우"
"633684회차,6번 슬롯,4~6,짝,우"
"633685회차,5번 슬롯,4~6,홀,우"
"633686회차,2번 슬롯,1~3,짝,좌"
"633687회차,4번 슬롯,4~6,짝,좌"
"633688회차,5번 슬롯,4~6,홀,우"
"633689회차,6번 슬롯,4~6,짝,우"
"633690회차,4번 슬롯,4~6,짝,좌"
"633691회차,4번 슬롯,4~6,짝,우"
"633692회차,2번 슬롯,1~3,짝,좌"
"633693회차,3번 슬롯,1~3,홀,좌"
"633694회차,5번 슬롯,4~6,홀,우"
"633695회차,3번 슬롯,1~3,홀,우"
"633696회차,3번 슬롯,1~3,홀,우"
"633697회차,3번 슬롯,1~3,홀,우"
"633698회차,1번 슬롯,1~3,홀,좌"
"633699회차,4번 슬롯,4~6,짝,우"
"633700회차,4번 슬롯,4~6,짝,우"
"633701회차,3번 슬롯,1~3,홀,좌"
"633702회차,4번 슬롯,4~6,짝,좌"
"633703회차,3번 슬롯,1~3,홀,좌"
"633704회차,1번 슬롯,1~3,홀,좌"
"633705회차,4번 슬롯,4~6,짝,좌"
"633706회차,1번 슬롯,1~3,홀,좌"
"633707회차,4번 슬롯,4~6,짝,우"
"633708회차,2번 슬롯,1~3,짝,좌"
"633709회차,3번 슬롯,1~3,홀,우"
"633710회차,3번 슬롯,1~3,홀,좌"
"633711회차,2번 슬롯,1~3,짝,우"
"633712회차,2번 슬롯,1~3,짝,좌"
"633713회차,4번 슬롯,4~6,짝,우"
"633714회차,4번 슬롯,4~6,짝,좌"
"633715회차,4번 슬롯,4~6,짝,우"
"633716회차,3번 슬롯,1~3,홀,우"
"633717회차,5번 슬롯,4~6,홀,우"
"633718회차,5번 슬롯,4~6,홀,우"
"633719회차,3번 슬롯,1~3,홀,좌"
"633720회차,3번 슬롯,1~3,홀,좌"
"633721회차,4번 슬롯,4~6,짝,우"
"633722회차,3번 슬롯,1~3,홀,우"
"633723회차,3번 슬롯,1~3,홀,우"
"633724회차,4번 슬롯,4~6,짝,좌"
"633725회차,4번 슬롯,4~6,짝,좌"
"633726회차,4번 슬롯,4~6,짝,좌"
"633727회차,3번 슬롯,1~3,홀,우"
"633728회차,3번 슬롯,1~3,홀,좌"
"633729회차,3번 슬롯,1~3,홀,좌"
"633730회차,5번 슬롯,4~6,홀,좌"
"633731회차,2번 슬롯,1~3,짝,우"
"633732회차,4번 슬롯,4~6,짝,우"
"633733회차,4번 슬롯,4~6,짝,좌"
"633734회차,4번 슬롯,4~6,짝,좌"
"633735회차,4번 슬롯,4~6,짝,좌"
"633736회차,3번 슬롯,1~3,홀,좌"
"633737회차,4번 슬롯,4~6,짝,좌"
"633738회차,5번 슬롯,4~6,홀,우"
"633739회차,4번 슬롯,4~6,짝,우"
"633740회차,4번 슬롯,4~6,짝,우"
"633741회차,5번 슬롯,4~6,홀,우"
"633742회차,5번 슬롯,4~6,홀,우"
"633743회차,3번 슬롯,1~3,홀,우"
"633744회차,4번 슬롯,4~6,짝,좌"
"633745회차,4번 슬롯,4~6,짝,우"
"633746회차,2번 슬롯,1~3,짝,좌"
"633747회차,3번 슬롯,1~3,홀,좌"
"633748회차,5번 슬롯,4~6,홀,우"
"633749회차,3번 슬롯,1~3,홀,좌"
"633750회차,4번 슬롯,4~6,짝,좌"
"633751회차,4번 슬롯,4~6,짝,우"
"633752회차,4번 슬롯,4~6,짝,우"
"633753회차,4번 슬롯,4~6,짝,우"
"633754회차,4번 슬롯,4~6,짝,좌"
"633755회차,5번 슬롯,4~6,홀,우"
"633756회차,3번 슬롯,1~3,홀,좌"
"633757회차,3번 슬롯,1~3,홀,우"
"633758회차,1번 슬롯,1~3,홀,좌"
"633759회차,3번 슬롯,1~3,홀,좌"
"633760회차,2번 슬롯,1~3,짝,우"
"633761회차,5번 슬롯,4~6,홀,우"
"633762회차,4번 슬롯,4~6,짝,우"
"633763회차,3번 슬롯,1~3,홀,좌"
"633764회차,3번 슬롯,1~3,홀,좌"
"633765회차,2번 슬롯,1~3,짝,우"
"633766회차,2번 슬롯,1~3,짝,좌"
"633767회차,5번 슬롯,4~6,홀,좌"
"633768회차,4번 슬롯,4~6,짝,우"
"633769회차,1번 슬롯,1~3,홀,좌"
"633770회차,4번 슬롯,4~6,짝,우"
"633771회차,2번 슬롯,1~3,짝,좌"
"633772회차,3번 슬롯,1~3,홀,좌"
"633773회차,4번 슬롯,4~6,짝,우"
"633774회차,1번 슬롯,1~3,홀,좌"
"633775회차,4번 슬롯,4~6,짝,우"
"633776회차,2번 슬롯,1~3,짝,좌"
"633777회차,5번 슬롯,4~6,홀,우"
"633778회차,3번 슬롯,1~3,홀,좌"
"633779회차,5번 슬롯,4~6,홀,우"
"633780회차,3번 슬롯,1~3,홀,우"
"633781회차,5번 슬롯,4~6,홀,우"
"633782회차,5번 슬롯,4~6,홀,우"
"633783회차,5번 슬롯,4~6,홀,우"
"633784회차,4번 슬롯,4~6,짝,우"
"633785회차,4번 슬롯,4~6,짝,좌"
"633786회차,4번 슬롯,4~6,짝,우"
"633787회차,4번 슬롯,4~6,짝,우"
"633788회차,5번 슬롯,4~6,홀,좌"
"633789회차,2번 슬롯,1~3,짝,좌"
"633790회차,3번 슬롯,1~3,홀,좌"
"633791회차,4번 슬롯,4~6,짝,좌"
"633792회차,1번 슬롯,1~3,홀,좌"
"633793회차,4번 슬롯,4~6,짝,우"
"633794회차,4번 슬롯,4~6,짝,좌"
"633795회차,4번 슬롯,4~6,짝,우"
"633796회차,3번 슬롯,1~3,홀,우"
"633797회차,4번 슬롯,4~6,짝,우"
"633798회차,5번 슬롯,4~6,홀,우"
"633799회차,3번 슬롯,1~3,홀,좌"
"633800회차,3번 슬롯,1~3,홀,좌"
"633801회차,2번 슬롯,1~3,짝,좌"
"633802회차,4번 슬롯,4~6,짝,우"
"633803회차,4번 슬롯,4~6,짝,우"
"633804회차,4번 슬롯,4~6,짝,좌"
"633805회차,3번 슬롯,1~3,홀,좌"
"633806회차,5번 슬롯,4~6,홀,우"
"633807회차,3번 슬롯,1~3,홀,우"
"633808회차,4번 슬롯,4~6,짝,우"
"633809회차,3번 슬롯,1~3,홀,우"
"633810회차,5번 슬롯,4~6,홀,우"
"633811회차,4번 슬롯,4~6,짝,우"
"633812회차,5번 슬롯,4~6,홀,우"
"633813회차,4번 슬롯,4~6,짝,좌"
"633814회차,4번 슬롯,4~6,짝,우"
"633815회차,6번 슬롯,4~6,짝,우"
"633816회차,3번 슬롯,1~3,홀,좌"
"633817회차,3번 슬롯,1~3,홀,우"
"633818회차,5번 슬롯,4~6,홀,우"
"633819회차,4번 슬롯,4~6,짝,우"
"633820회차,4번 슬롯,4~6,짝,좌"
"633821회차,2번 슬롯,1~3,짝,좌"
"633822회차,4번 슬롯,4~6,짝,우"
"633823회차,4번 슬롯,4~6,짝,우"
"633824회차,4번 슬롯,4~6,짝,우"
"633825회차,3번 슬롯,1~3,홀,좌"
"633826회차,3번 슬롯,1~3,홀,좌"
"633827회차,3번 슬롯,1~3,홀,좌"
"633828회차,4번 슬롯,4~6,짝,우"
"633829회차,3번 슬롯,1~3,홀,좌"
"633830회차,4번 슬롯,4~6,짝,우"
"633831회차,3번 슬롯,1~3,홀,좌"
"633832회차,2번 슬롯,1~3,짝,우"
"633833회차,4번 슬롯,4~6,짝,우"
"633834회차,4번 슬롯,4~6,짝,좌"
"633835회차,2번 슬롯,1~3,짝,좌"
"633836회차,6번 슬롯,4~6,짝,우"
"633837회차,3번 슬롯,1~3,홀,좌"
"633838회차,5번 슬롯,4~6,홀,우"
"633839회차,4번 슬롯,4~6,짝,우"
"633840회차,5번 슬롯,4~6,홀,우"
"633841회차,4번 슬롯,4~6,짝,좌"
"633842회차,3번 슬롯,1~3,홀,우"
"633843회차,4번 슬롯,4~6,짝,우"
"633844회차,3번 슬롯,1~3,홀,좌"
"633845회차,2번 슬롯,1~3,짝,좌"
"633846회차,2번 슬롯,1~3,짝,좌"
"633847회차,2번 슬롯,1~3,짝,좌"
"633848회차,3번 슬롯,1~3,홀,좌"
"633849회차,5번 슬롯,4~6,홀,우"
"633850회차,4번 슬롯,4~6,짝,우"
"633851회차,4번 슬롯,4~6,짝,좌"
"633852회차,4번 슬롯,4~6,짝,좌"
"633853회차,3번 슬롯,1~3,홀,우"
"633854회차,4번 슬롯,4~6,짝,우"
"633855회차,3번 슬롯,1~3,홀,좌"
"633856회차,3번 슬롯,1~3,홀,좌"
"633857회차,4번 슬롯,4~6,짝,좌"
"633858회차,3번 슬롯,1~3,홀,좌"
"633859회차,4번 슬롯,4~6,짝,우"
"633860회차,3번 슬롯,1~3,홀,우"
"633861회차,4번 슬롯,4~6,짝,우"
"633862회차,4번 슬롯,4~6,짝,우"
"633863회차,2번 슬롯,1~3,짝,좌"
"633864회차,2번 슬롯,1~3,짝,좌"
"633865회차,2번 슬롯,1~3,짝,좌"
"633866회차,3번 슬롯,1~3,홀,좌"
"633867회차,3번 슬롯,1~3,홀,좌"
"633868회차,5번 슬롯,4~6,홀,우"
"633869회차,1번 슬롯,1~3,홀,좌"
"633870회차,4번 슬롯,4~6,짝,우"
"633871회차,4번 슬롯,4~6,짝,좌"
"633872회차,4번 슬롯,4~6,짝,우"
"633873회차,1번 슬롯,1~3,홀,좌"
"633874회차,4번 슬롯,4~6,짝,좌"
"633875회차,3번 슬롯,1~3,홀,좌"
"633876회차,3번 슬롯,1~3,홀,좌"
"633877회차,2번 슬롯,1~3,짝,우"
"633878회차,6번 슬롯,4~6,짝,우"
"633879회차,6번 슬롯,4~6,짝,우"
"633880회차,3번 슬롯,1~3,홀,우"
"633881회차,4번 슬롯,4~6,짝,우"
"633882회차,2번 슬롯,1~3,짝,좌"
"633883회차,3번 슬롯,1~3,홀,좌"
"633884회차,4번 슬롯,4~6,짝,우"
"633885회차,4번 슬롯,4~6,짝,우"
"633886회차,3번 슬롯,1~3,홀,우"
"633887회차,2번 슬롯,1~3,짝,좌"
"633888회차,3번 슬롯,1~3,홀,우"
"633889회차,2번 슬롯,1~3,짝,좌"
"633890회차,4번 슬롯,4~6,짝,우"
"633891회차,2번 슬롯,1~3,짝,우"
"633892회차,3번 슬롯,1~3,홀,좌"
"633893회차,2번 슬롯,1~3,짝,좌"
"633894회차,3번 슬롯,1~3,홀,우"
"633895회차,4번 슬롯,4~6,짝,우"
"633896회차,5번 슬롯,4~6,홀,우"
"633897회차,4번 슬롯,4~6,짝,우"
"633898회차,3번 슬롯,1~3,홀,좌"
"633899회차,3번 슬롯,1~3,홀,좌"
"633900회차,5번 슬롯,4~6,홀,우"
"633901회차,3번 슬롯,1~3,홀,우"
"633902회차,5번 슬롯,4~6,홀,우"
"633903회차,3번 슬롯,1~3,홀,좌"
"633904회차,3번 슬롯,1~3,홀,우"
"633905회차,4번 슬롯,4~6,짝,좌"
"633906회차,3번 슬롯,1~3,홀,좌"
"633907회차,5번 슬롯,4~6,홀,우"
"633908회차,4번 슬롯,4~6,짝,우"
"633909회차,3번 슬롯,1~3,홀,좌"
"633910회차,3번 슬롯,1~3,홀,좌"
"633911회차,3번 슬롯,1~3,홀,우"
"633912회차,4번 슬롯,4~6,짝,좌"
"633913회차,3번 슬롯,1~3,홀,우"
"633914회차,3번 슬롯,1~3,홀,우"
"633915회차,3번 슬롯,1~3,홀,좌"
"633916회차,3번 슬롯,1~3,홀,좌"
"633917회차,4번 슬롯,4~6,짝,좌"
"633918회차,4번 슬롯,4~6,짝,좌"
"633919회차,2번 슬롯,1~3,짝,좌"
"633920회차,3번 슬롯,1~3,홀,좌"
"633921회차,4번 슬롯,4~6,짝,좌"
"633922회차,3번 슬롯,1~3,홀,좌"
"633923회차,4번 슬롯,4~6,짝,우"
"633924회차,4번 슬롯,4~6,짝,우"
"633925회차,1번 슬롯,1~3,홀,좌"
"633926회차,3번 슬롯,1~3,홀,우"
"633927회차,1번 슬롯,1~3,홀,좌"
"633928회차,4번 슬롯,4~6,짝,우"
"633929회차,5번 슬롯,4~6,홀,우"
"633930회차,2번 슬롯,1~3,짝,우"
"633931회차,3번 슬롯,1~3,홀,우"
"633932회차,2번 슬롯,1~3,짝,좌"
"633933회차,3번 슬롯,1~3,홀,좌"
"633934회차,3번 슬롯,1~3,홀,좌"
"633935회차,3번 슬롯,1~3,홀,좌"
"633936회차,4번 슬롯,4~6,짝,우"
"633937회차,3번 슬롯,1~3,홀,좌"
"633938회차,3번 슬롯,1~3,홀,좌"
"633939회차,3번 슬롯,1~3,홀,우"
"633940회차,4번 슬롯,4~6,짝,우"
"633941회차,4번 슬롯,4~6,짝,우"
"633942회차,4번 슬롯,4~6,짝,좌"
"633943회차,2번 슬롯,1~3,짝,좌"
"633944회차,4번 슬롯,4~6,짝,우"
"633945회차,3번 슬롯,1~3,홀,좌"
"633946회차,3번 슬롯,1~3,홀,우"
"633947회차,5번 슬롯,4~6,홀,우"
"633948회차,4번 슬롯,4~6,짝,우"
"633949회차,5번 슬롯,4~6,홀,우"
"633950회차,2번 슬롯,1~3,짝,좌"
"633951회차,5번 슬롯,4~6,홀,우"
"633952회차,5번 슬롯,4~6,홀,우"
"633953회차,3번 슬롯,1~3,홀,우"
"633954회차,2번 슬롯,1~3,짝,좌"
"633955회차,5번 슬롯,4~6,홀,좌"
"633956회차,3번 슬롯,1~3,홀,좌"
"633957회차,2번 슬롯,1~3,짝,좌"
"633958회차,3번 슬롯,1~3,홀,좌"
"633959회차,2번 슬롯,1~3,짝,좌"
"633960회차,4번 슬롯,4~6,짝,우"
"633961회차,3번 슬롯,1~3,홀,좌"
"633962회차,3번 슬롯,1~3,홀,좌"
"633963회차,4번 슬롯,4~6,짝,좌"
"633964회차,4번 슬롯,4~6,짝,우"
"633965회차,4번 슬롯,4~6,짝,우"
"633966회차,4번 슬롯,4~6,짝,좌"
"633967회차,4번 슬롯,4~6,짝,좌"
"633968회차,1번 슬롯,1~3,홀,좌"
"633969회차,3번 슬롯,1~3,홀,좌"
"633970회차,3번 슬롯,1~3,홀,우"
"633971회차,3번 슬롯,1~3,홀,우"
"633972회차,2번 슬롯,1~3,짝,우"
"633973회차,4번 슬롯,4~6,짝,우"
"633974회차,3번 슬롯,1~3,홀,우"
"633975회차,3번 슬롯,1~3,홀,우"
"633976회차,2번 슬롯,1~3,짝,좌"
"633977회차,3번 슬롯,1~3,홀,좌"
"633978회차,3번 슬롯,1~3,홀,좌"
"633979회차,3번 슬롯,1~3,홀,우"
"633980회차,3번 슬롯,1~3,홀,우"
"633981회차,4번 슬롯,4~6,짝,우"
"633982회차,1번 슬롯,1~3,홀,좌"
"633983회차,3번 슬롯,1~3,홀,좌"
"633984회차,4번 슬롯,4~6,짝,우"
"633985회차,5번 슬롯,4~6,홀,우"
"633986회차,3번 슬롯,1~3,홀,좌"
"633987회차,2번 슬롯,1~3,짝,좌"
"633988회차,6번 슬롯,4~6,짝,우"
"633989회차,5번 슬롯,4~6,홀,우"
"633990회차,5번 슬롯,4~6,홀,우"
"633991회차,4번 슬롯,4~6,짝,우"
"633992회차,3번 슬롯,1~3,홀,좌"
"633993회차,3번 슬롯,1~3,홀,좌"
"633994회차,4번 슬롯,4~6,짝,좌"
"633995회차,5번 슬롯,4~6,홀,우"
"633996회차,2번 슬롯,1~3,짝,좌"
"633997회차,5번 슬롯,4~6,홀,우"
"633998회차,4번 슬롯,4~6,짝,좌"
"633999회차,3번 슬롯,1~3,홀,좌"
"634000회차,4번 슬롯,4~6,짝,좌"
"634001회차,3번 슬롯,1~3,홀,좌"
"634002회차,3번 슬롯,1~3,홀,좌"
"634003회차,3번 슬롯,1~3,홀,우"
"634004회차,3번 슬롯,1~3,홀,좌"
"634005회차,1번 슬롯,1~3,홀,좌"
"634006회차,1번 슬롯,1~3,홀,좌"
"634007회차,4번 슬롯,4~6,짝,좌"
"634008회차,5번 슬롯,4~6,홀,우"
"634009회차,4번 슬롯,4~6,짝,우"
"634010회차,3번 슬롯,1~3,홀,좌"
"634011회차,2번 슬롯,1~3,짝,우"
"634012회차,4번 슬롯,4~6,짝,좌"
"634013회차,3번 슬롯,1~3,홀,좌"
"634014회차,2번 슬롯,1~3,짝,좌"
"634015회차,3번 슬롯,1~3,홀,좌"
"634016회차,4번 슬롯,4~6,짝,우"
"634017회차,4번 슬롯,4~6,짝,우"
"634018회차,2번 슬롯,1~3,짝,좌"
"634019회차,2번 슬롯,1~3,짝,좌"
"634020회차,3번 슬롯,1~3,홀,좌"
"634021회차,3번 슬롯,1~3,홀,좌"
"634022회차,3번 슬롯,1~3,홀,좌"
"634023회차,3번 슬롯,1~3,홀,좌"
"634024회차,2번 슬롯,1~3,짝,좌"
"634025회차,2번 슬롯,1~3,짝,좌"
"634026회차,2번 슬롯,1~3,짝,우"
"634027회차,4번 슬롯,4~6,짝,좌"
"634028회차,3번 슬롯,1~3,홀,우"
"634029회차,4번 슬롯,4~6,짝,우"
"634030회차,3번 슬롯,1~3,홀,우"
"634031회차,4번 슬롯,4~6,짝,우"
"634032회차,5번 슬롯,4~6,홀,우"
"634033회차,5번 슬롯,4~6,홀,우"
"634034회차,1번 슬롯,1~3,홀,좌"
"634035회차,5번 슬롯,4~6,홀,우"
"634036회차,3번 슬롯,1~3,홀,우"
"634037회차,4번 슬롯,4~6,짝,좌"
"634038회차,4번 슬롯,4~6,짝,좌"
"634039회차,5번 슬롯,4~6,홀,우"
"634040회차,5번 슬롯,4~6,홀,우"
"634041회차,4번 슬롯,4~6,짝,좌"
"634042회차,1번 슬롯,1~3,홀,좌"
"634043회차,3번 슬롯,1~3,홀,우"
"634044회차,2번 슬롯,1~3,짝,좌"
"634045회차,3번 슬롯,1~3,홀,우"
"634046회차,3번 슬롯,1~3,홀,좌"
"634047회차,3번 슬롯,1~3,홀,우"
"634048회차,4번 슬롯,4~6,짝,좌"
"634049회차,5번 슬롯,4~6,홀,우"
"634050회차,2번 슬롯,1~3,짝,좌"
"634051회차,2번 슬롯,1~3,짝,좌"
"634052회차,3번 슬롯,1~3,홀,좌"
"634053회차,3번 슬롯,1~3,홀,좌"
"634054회차,4번 슬롯,4~6,짝,우"
"634055회차,5번 슬롯,4~6,홀,우"
"634056회차,3번 슬롯,1~3,홀,우"
"634057회차,2번 슬롯,1~3,짝,우"
"634058회차,2번 슬롯,1~3,짝,우"
"634059회차,3번 슬롯,1~3,홀,우"
"634060회차,4번 슬롯,4~6,짝,우"
"634061회차,3번 슬롯,1~3,홀,좌"
"634062회차,3번 슬롯,1~3,홀,좌"
"634063회차,3번 슬롯,1~3,홀,우"
"634064회차,4번 슬롯,4~6,짝,좌"
"634065회차,4번 슬롯,4~6,짝,우"
"634066회차,3번 슬롯,1~3,홀,좌"
"634067회차,4번 슬롯,4~6,짝,우"
"634068회차,4번 슬롯,4~6,짝,우"
"634069회차,3번 슬롯,1~3,홀,좌"
"634070회차,4번 슬롯,4~6,짝,좌"
"634071회차,2번 슬롯,1~3,짝,좌"
"634072회차,4번 슬롯,4~6,짝,우"
"634073회차,4번 슬롯,4~6,짝,우"
"634074회차,2번 슬롯,1~3,짝,좌"
"634075회차,5번 슬롯,4~6,홀,우"
"634076회차,6번 슬롯,4~6,짝,우"
"634077회차,5번 슬롯,4~6,홀,좌"
"634078회차,5번 슬롯,4~6,홀,우"
"634079회차,4번 슬롯,4~6,짝,좌"
"634080회차,3번 슬롯,1~3,홀,좌"
"634081회차,5번 슬롯,4~6,홀,우"
"634082회차,3번 슬롯,1~3,홀,좌"
"634083회차,1번 슬롯,1~3,홀,좌"
"634084회차,3번 슬롯,1~3,홀,좌"
"634085회차,3번 슬롯,1~3,홀,좌"
"634086회차,2번 슬롯,1~3,짝,좌"
"634087회차,4번 슬롯,4~6,짝,좌"
"634088회차,4번 슬롯,4~6,짝,좌"
"634089회차,2번 슬롯,1~3,짝,좌"
"634090회차,5번 슬롯,4~6,홀,우"
"634091회차,3번 슬롯,1~3,홀,우"
"634092회차,2번 슬롯,1~3,짝,우"
"634093회차,3번 슬롯,1~3,홀,좌"
"634094회차,2번 슬롯,1~3,짝,좌"
"634095회차,3번 슬롯,1~3,홀,우"
"634096회차,2번 슬롯,1~3,짝,좌"
"634097회차,2번 슬롯,1~3,짝,좌"
"634098회차,3번 슬롯,1~3,홀,좌"
"634099회차,3번 슬롯,1~3,홀,우"
"634100회차,4번 슬롯,4~6,짝,우"
"634101회차,2번 슬롯,1~3,짝,우"
"634102회차,3번 슬롯,1~3,홀,우"
"634103회차,1번 슬롯,1~3,홀,좌"
"634104회차,4번 슬롯,4~6,짝,우"
"634105회차,4번 슬롯,4~6,짝,좌"
"634106회차,3번 슬롯,1~3,홀,좌"
"634107회차,5번 슬롯,4~6,홀,우"
"634108회차,1번 슬롯,1~3,홀,좌"
"634109회차,3번 슬롯,1~3,홀,좌"
"634110회차,3번 슬롯,1~3,홀,우"
"634111회차,3번 슬롯,1~3,홀,좌"
"634112회차,3번 슬롯,1~3,홀,좌"
"634113회차,4번 슬롯,4~6,짝,우"
"634114회차,2번 슬롯,1~3,짝,좌"
"634115회차,5번 슬롯,4~6,홀,좌"
"634116회차,5번 슬롯,4~6,홀,좌"
"634117회차,3번 슬롯,1~3,홀,좌"
"634118회차,4번 슬롯,4~6,짝,우"
"634119회차,4번 슬롯,4~6,짝,우"
"634120회차,3번 슬롯,1~3,홀,좌"
"634121회차,3번 슬롯,1~3,홀,우"
"634122회차,5번 슬롯,4~6,홀,좌"
"634123회차,3번 슬롯,1~3,홀,좌"
"634124회차,5번 슬롯,4~6,홀,우"
"634125회차,3번 슬롯,1~3,홀,좌"
"634126회차,2번 슬롯,1~3,짝,좌"
"634127회차,2번 슬롯,1~3,짝,좌"
"634128회차,3번 슬롯,1~3,홀,좌"
"634129회차,4번 슬롯,4~6,짝,좌"
"634130회차,3번 슬롯,1~3,홀,좌"
"634131회차,2번 슬롯,1~3,짝,좌"
"634132회차,5번 슬롯,4~6,홀,우"
"634133회차,5번 슬롯,4~6,홀,우"
"634134회차,3번 슬롯,1~3,홀,우"
"634135회차,6번 슬롯,4~6,짝,우"
"634136회차,6번 슬롯,4~6,짝,우"
"634137회차,4번 슬롯,4~6,짝,좌"
"634138회차,3번 슬롯,1~3,홀,좌"
"634139회차,3번 슬롯,1~3,홀,좌"
"634140회차,3번 슬롯,1~3,홀,우"
"634141회차,2번 슬롯,1~3,짝,좌"
"634142회차,6번 슬롯,4~6,짝,우"
"634143회차,4번 슬롯,4~6,짝,우"
"634144회차,5번 슬롯,4~6,홀,좌"
"634145회차,3번 슬롯,1~3,홀,우"
"634146회차,4번 슬롯,4~6,짝,우"
"634147회차,2번 슬롯,1~3,짝,좌"
"634148회차,4번 슬롯,4~6,짝,좌"
"634149회차,6번 슬롯,4~6,짝,우"
"634150회차,3번 슬롯,1~3,홀,우"
"634151회차,3번 슬롯,1~3,홀,좌"
"634152회차,4번 슬롯,4~6,짝,우"
"634153회차,2번 슬롯,1~3,짝,좌"
"634154회차,4번 슬롯,4~6,짝,우"
"634155회차,3번 슬롯,1~3,홀,우"
"634156회차,5번 슬롯,4~6,홀,우"
"634157회차,5번 슬롯,4~6,홀,우"
"634158회차,5번 슬롯,4~6,홀,좌"
"634159회차,6번 슬롯,4~6,짝,우"
"634160회차,2번 슬롯,1~3,짝,좌"
"634161회차,4번 슬롯,4~6,짝,우"
"634162회차,6번 슬롯,4~6,짝,우"
"634163회차,3번 슬롯,1~3,홀,우"
"634164회차,3번 슬롯,1~3,홀,좌"
"634165회차,4번 슬롯,4~6,짝,우"
"634166회차,3번 슬롯,1~3,홀,좌"
"634167회차,3번 슬롯,1~3,홀,우"
"634168회차,3번 슬롯,1~3,홀,우"
"634169회차,1번 슬롯,1~3,홀,좌"
"634170회차,1번 슬롯,1~3,홀,좌"
"634171회차,2번 슬롯,1~3,짝,좌"
"634172회차,4번 슬롯,4~6,짝,우"
"634173회차,2번 슬롯,1~3,짝,좌"
"634174회차,4번 슬롯,4~6,짝,좌"
"634175회차,4번 슬롯,4~6,짝,좌"
"634176회차,2번 슬롯,1~3,짝,우"
"634177회차,3번 슬롯,1~3,홀,좌"
"634178회차,5번 슬롯,4~6,홀,우"
"634179회차,6번 슬롯,4~6,짝,우"
"634180회차,4번 슬롯,4~6,짝,우"
"634181회차,2번 슬롯,1~3,짝,좌"
"634182회차,2번 슬롯,1~3,짝,좌"
"634183회차,3번 슬롯,1~3,홀,좌"
"634184회차,5번 슬롯,4~6,홀,좌"
"634185회차,3번 슬롯,1~3,홀,좌"
"634186회차,4번 슬롯,4~6,짝,좌"
"634187회차,3번 슬롯,1~3,홀,좌"
"634188회차,3번 슬롯,1~3,홀,좌"
"634189회차,3번 슬롯,1~3,홀,좌"
"634190회차,2번 슬롯,1~3,짝,좌"
"634191회차,4번 슬롯,4~6,짝,우"
"634192회차,1번 슬롯,1~3,홀,좌"
"634193회차,3번 슬롯,1~3,홀,좌"
"634194회차,4번 슬롯,4~6,짝,좌"
"634195회차,6번 슬롯,4~6,짝,우"
"634196회차,3번 슬롯,1~3,홀,우"
"634197회차,4번 슬롯,4~6,짝,우"
"634198회차,2번 슬롯,1~3,짝,좌"
"634199회차,3번 슬롯,1~3,홀,좌"
"634200회차,2번 슬롯,1~3,짝,좌"
"634201회차,3번 슬롯,1~3,홀,좌"
"634202회차,3번 슬롯,1~3,홀,좌"
"634203회차,3번 슬롯,1~3,홀,좌"
"634204회차,4번 슬롯,4~6,짝,우"
"634205회차,4번 슬롯,4~6,짝,우"
"634206회차,4번 슬롯,4~6,짝,우"
"634207회차,3번 슬롯,1~3,홀,우"
"634208회차,3번 슬롯,1~3,홀,우"
"634209회차,4번 슬롯,4~6,짝,좌"
"634210회차,5번 슬롯,4~6,홀,좌"
"634211회차,3번 슬롯,1~3,홀,좌"
"634212회차,4번 슬롯,4~6,짝,우"
"634213회차,3번 슬롯,1~3,홀,좌"
"634214회차,5번 슬롯,4~6,홀,좌"
"634215회차,4번 슬롯,4~6,짝,우"
"634216회차,4번 슬롯,4~6,짝,우"
"634217회차,2번 슬롯,1~3,짝,좌"
"634218회차,2번 슬롯,1~3,짝,좌"
"634219회차,4번 슬롯,4~6,짝,좌"
"634220회차,4번 슬롯,4~6,짝,좌"
"634221회차,3번 슬롯,1~3,홀,좌"
"634222회차,3번 슬롯,1~3,홀,우"
"634223회차,3번 슬롯,1~3,홀,좌"
"634224회차,3번 슬롯,1~3,홀,우"
"634225회차,4번 슬롯,4~6,짝,좌"
"634226회차,4번 슬롯,4~6,짝,좌"
"634227회차,4번 슬롯,4~6,짝,우"
"634228회차,4번 슬롯,4~6,짝,좌"
"634229회차,5번 슬롯,4~6,홀,우"
"634230회차,4번 슬롯,4~6,짝,좌"
"634231회차,3번 슬롯,1~3,홀,우"
"634232회차,2번 슬롯,1~3,짝,좌"
"634233회차,3번 슬롯,1~3,홀,좌"
"634234회차,4번 슬롯,4~6,짝,우"
"634235회차,4번 슬롯,4~6,짝,우"
"634236회차,3번 슬롯,1~3,홀,우"
"634237회차,5번 슬롯,4~6,홀,우"
"634238회차,2번 슬롯,1~3,짝,좌"
"634239회차,4번 슬롯,4~6,짝,좌"
"634240회차,4번 슬롯,4~6,짝,좌"
"634241회차,4번 슬롯,4~6,짝,우"
"634242회차,4번 슬롯,4~6,짝,우"
"634243회차,4번 슬롯,4~6,짝,좌"
"634244회차,4번 슬롯,4~6,짝,좌"
"634245회차,5번 슬롯,4~6,홀,우"
"634246회차,3번 슬롯,1~3,홀,좌"
"634247회차,4번 슬롯,4~6,짝,우"
"634248회차,3번 슬롯,1~3,홀,좌"
"634249회차,5번 슬롯,4~6,홀,우"
"634250회차,4번 슬롯,4~6,짝,좌"
"634251회차,4번 슬롯,4~6,짝,우"
"634252회차,1번 슬롯,1~3,홀,좌"
"634253회차,3번 슬롯,1~3,홀,좌"
"634254회차,3번 슬롯,1~3,홀,우"
"634255회차,3번 슬롯,1~3,홀,좌"
"634256회차,4번 슬롯,4~6,짝,우"
"634257회차,4번 슬롯,4~6,짝,우"
"634258회차,3번 슬롯,1~3,홀,우"
"634259회차,3번 슬롯,1~3,홀,좌"
"634260회차,6번 슬롯,4~6,짝,우"
"634261회차,5번 슬롯,4~6,홀,우"
"634262회차,3번 슬롯,1~3,홀,우"
"634263회차,5번 슬롯,4~6,홀,우"
"634264회차,5번 슬롯,4~6,홀,우"
"634265회차,6번 슬롯,4~6,짝,우"
"634266회차,3번 슬롯,1~3,홀,우"
"634267회차,2번 슬롯,1~3,짝,좌"
"634268회차,4번 슬롯,4~6,짝,우"
"634269회차,4번 슬롯,4~6,짝,우"
"634270회차,3번 슬롯,1~3,홀,좌"
"634271회차,4번 슬롯,4~6,짝,우"
"634272회차,4번 슬롯,4~6,짝,우"
"634273회차,4번 슬롯,4~6,짝,우"
"634274회차,1번 슬롯,1~3,홀,좌"
"634275회차,6번 슬롯,4~6,짝,우"
"634276회차,4번 슬롯,4~6,짝,우"
"634277회차,4번 슬롯,4~6,짝,우"
"634278회차,5번 슬롯,4~6,홀,우"
"634279회차,3번 슬롯,1~3,홀,우"
"634280회차,3번 슬롯,1~3,홀,우"
"634281회차,3번 슬롯,1~3,홀,좌"
"634282회차,2번 슬롯,1~3,짝,좌"
"634283회차,2번 슬롯,1~3,짝,좌"
"634284회차,3번 슬롯,1~3,홀,좌"
"634285회차,2번 슬롯,1~3,짝,좌"
"634286회차,3번 슬롯,1~3,홀,좌"
"634287회차,3번 슬롯,1~3,홀,좌"
"634288회차,3번 슬롯,1~3,홀,좌"
"634289회차,4번 슬롯,4~6,짝,우"
"634290회차,4번 슬롯,4~6,짝,우"
"634291회차,3번 슬롯,1~3,홀,좌"
"634292회차,4번 슬롯,4~6,짝,우"
"634293회차,5번 슬롯,4~6,홀,우"
"634294회차,1번 슬롯,1~3,홀,좌"
"634295회차,4번 슬롯,4~6,짝,우"
"634296회차,5번 슬롯,4~6,홀,우"
"634297회차,3번 슬롯,1~3,홀,좌"
"634298회차,5번 슬롯,4~6,홀,우"
"634299회차,2번 슬롯,1~3,짝,좌"
"634300회차,1번 슬롯,1~3,홀,좌"
"634301회차,3번 슬롯,1~3,홀,우"
"634302회차,3번 슬롯,1~3,홀,우"
"634303회차,2번 슬롯,1~3,짝,좌"
"634304회차,3번 슬롯,1~3,홀,좌"
"634305회차,4번 슬롯,4~6,짝,우"
"634306회차,1번 슬롯,1~3,홀,좌"
"634307회차,4번 슬롯,4~6,짝,좌"
"634308회차,2번 슬롯,1~3,짝,좌"
"634309회차,2번 슬롯,1~3,짝,좌"
"634310회차,5번 슬롯,4~6,홀,우"
"634311회차,2번 슬롯,1~3,짝,좌"
"634312회차,5번 슬롯,4~6,홀,우"
"634313회차,4번 슬롯,4~6,짝,우"
"634314회차,6번 슬롯,4~6,짝,우"
"634315회차,3번 슬롯,1~3,홀,좌"
"634316회차,4번 슬롯,4~6,짝,우"
"634317회차,4번 슬롯,4~6,짝,좌"
"634318회차,5번 슬롯,4~6,홀,우"
"634319회차,3번 슬롯,1~3,홀,좌"
"634320회차,4번 슬롯,4~6,짝,우"
"634321회차,3번 슬롯,1~3,홀,좌"
"634322회차,3번 슬롯,1~3,홀,좌"
"634323회차,2번 슬롯,1~3,짝,우"
"634324회차,4번 슬롯,4~6,짝,좌"
"634325회차,5번 슬롯,4~6,홀,좌"
"634326회차,4번 슬롯,4~6,짝,우"
"634327회차,2번 슬롯,1~3,짝,좌"
"634328회차,3번 슬롯,1~3,홀,좌"
"634329회차,3번 슬롯,1~3,홀,좌"
"634330회차,4번 슬롯,4~6,짝,우"
"634331회차,5번 슬롯,4~6,홀,우"
"634332회차,5번 슬롯,4~6,홀,좌"
"634333회차,4번 슬롯,4~6,짝,우"
"634334회차,3번 슬롯,1~3,홀,좌"
"634335회차,2번 슬롯,1~3,짝,좌"
"634336회차,5번 슬롯,4~6,홀,우"
"634337회차,1번 슬롯,1~3,홀,좌"
"634338회차,5번 슬롯,4~6,홀,좌"
"634339회차,2번 슬롯,1~3,짝,좌"
"634340회차,3번 슬롯,1~3,홀,좌"
"634341회차,3번 슬롯,1~3,홀,우"
"634342회차,2번 슬롯,1~3,짝,좌"
"634343회차,4번 슬롯,4~6,짝,좌"
"634344회차,3번 슬롯,1~3,홀,좌"
"634345회차,1번 슬롯,1~3,홀,좌"
"634346회차,4번 슬롯,4~6,짝,우"
"634347회차,2번 슬롯,1~3,짝,좌"
"634348회차,4번 슬롯,4~6,짝,우"
"634349회차,4번 슬롯,4~6,짝,우"
"634350회차,3번 슬롯,1~3,홀,우"
"634351회차,3번 슬롯,1~3,홀,좌"
"634352회차,4번 슬롯,4~6,짝,좌"
"634353회차,3번 슬롯,1~3,홀,좌"
"634354회차,5번 슬롯,4~6,홀,우"
"634355회차,4번 슬롯,4~6,짝,우"
"634356회차,3번 슬롯,1~3,홀,우"
"634357회차,4번 슬롯,4~6,짝,우"
"634358회차,3번 슬롯,1~3,홀,좌"
"634359회차,3번 슬롯,1~3,홀,우"
"634360회차,6번 슬롯,4~6,짝,우"
"634361회차,3번 슬롯,1~3,홀,우"
"634362회차,2번 슬롯,1~3,짝,좌"
"634363회차,2번 슬롯,1~3,짝,우"
"634364회차,4번 슬롯,4~6,짝,좌"
"634365회차,3번 슬롯,1~3,홀,우"
"634366회차,5번 슬롯,4~6,홀,우"
"634367회차,2번 슬롯,1~3,짝,좌"
"634368회차,4번 슬롯,4~6,짝,좌"
"634369회차,5번 슬롯,4~6,홀,우"
"634370회차,5번 슬롯,4~6,홀,우"
"634371회차,4번 슬롯,4~6,짝,우"
"634372회차,4번 슬롯,4~6,짝,우"
"634373회차,4번 슬롯,4~6,짝,좌"
"634374회차,3번 슬롯,1~3,홀,좌"
"634375회차,3번 슬롯,1~3,홀,우"
"634376회차,6번 슬롯,4~6,짝,우"
"634377회차,3번 슬롯,1~3,홀,좌"
"634378회차,4번 슬롯,4~6,짝,좌"
"634379회차,3번 슬롯,1~3,홀,우"
"634380회차,3번 슬롯,1~3,홀,좌"
"634381회차,3번 슬롯,1~3,홀,우"
"634382회차,2번 슬롯,1~3,짝,좌"
"634383회차,3번 슬롯,1~3,홀,좌"
"634384회차,3번 슬롯,1~3,홀,좌"
"634385회차,5번 슬롯,4~6,홀,우"
"634386회차,2번 슬롯,1~3,짝,좌"
"634387회차,3번 슬롯,1~3,홀,좌"
"634388회차,1번 슬롯,1~3,홀,좌"
"634389회차,3번 슬롯,1~3,홀,좌"
"634390회차,6번 슬롯,4~6,짝,우"
"634391회차,2번 슬롯,1~3,짝,우"
"634392회차,4번 슬롯,4~6,짝,좌"
"634393회차,3번 슬롯,1~3,홀,우"
"634394회차,6번 슬롯,4~6,짝,우"
"634395회차,2번 슬롯,1~3,짝,우"
"634396회차,3번 슬롯,1~3,홀,좌"
"634397회차,5번 슬롯,4~6,홀,우"
"634398회차,4번 슬롯,4~6,짝,우"
"634399회차,4번 슬롯,4~6,짝,우"
"634400회차,2번 슬롯,1~3,짝,우"
"634401회차,2번 슬롯,1~3,짝,좌"
"634402회차,4번 슬롯,4~6,짝,우"
"634403회차,3번 슬롯,1~3,홀,좌"
"634404회차,3번 슬롯,1~3,홀,우"
"634405회차,4번 슬롯,4~6,짝,우"
"634406회차,4번 슬롯,4~6,짝,우"
"634407회차,4번 슬롯,4~6,짝,좌"
"634408회차,3번 슬롯,1~3,홀,우"
"634409회차,2번 슬롯,1~3,짝,좌"
"634410회차,4번 슬롯,4~6,짝,좌"
"634411회차,2번 슬롯,1~3,짝,우"
"634412회차,3번 슬롯,1~3,홀,우"
"634413회차,2번 슬롯,1~3,짝,우"
"634414회차,3번 슬롯,1~3,홀,우"
"634415회차,4번 슬롯,4~6,짝,우"
"634416회차,2번 슬롯,1~3,짝,우"
"634417회차,4번 슬롯,4~6,짝,우"
"634418회차,2번 슬롯,1~3,짝,우"
"634419회차,3번 슬롯,1~3,홀,우"
"634420회차,3번 슬롯,1~3,홀,우"
"634421회차,5번 슬롯,4~6,홀,우"
"634422회차,3번 슬롯,1~3,홀,우"
"634423회차,3번 슬롯,1~3,홀,좌"
"634424회차,4번 슬롯,4~6,짝,좌"
"634425회차,4번 슬롯,4~6,짝,우"
"634426회차,4번 슬롯,4~6,짝,우"
"634427회차,3번 슬롯,1~3,홀,좌"
"634428회차,1번 슬롯,1~3,홀,좌"
"634429회차,4번 슬롯,4~6,짝,우"
"634430회차,4번 슬롯,4~6,짝,우"
"634431회차,2번 슬롯,1~3,짝,좌"
"634432회차,4번 슬롯,4~6,짝,우"
"634433회차,3번 슬롯,1~3,홀,우"
"634434회차,5번 슬롯,4~6,홀,좌"
"634435회차,3번 슬롯,1~3,홀,우"
"634436회차,5번 슬롯,4~6,홀,우"
"634437회차,5번 슬롯,4~6,홀,우"
"634438회차,5번 슬롯,4~6,홀,우"
"634439회차,4번 슬롯,4~6,짝,좌"
"634440회차,3번 슬롯,1~3,홀,우"
"634441회차,4번 슬롯,4~6,짝,우"
"634442회차,4번 슬롯,4~6,짝,좌"
"634443회차,3번 슬롯,1~3,홀,우"
"634444회차,5번 슬롯,4~6,홀,우"
"634445회차,5번 슬롯,4~6,홀,우"
"634446회차,3번 슬롯,1~3,홀,우"
"634447회차,3번 슬롯,1~3,홀,좌"
"634448회차,5번 슬롯,4~6,홀,우"
"634449회차,4번 슬롯,4~6,짝,좌"
"634450회차,4번 슬롯,4~6,짝,우"
"634451회차,2번 슬롯,1~3,짝,좌"
"634452회차,4번 슬롯,4~6,짝,우"
"634453회차,4번 슬롯,4~6,짝,좌"
"634454회차,4번 슬롯,4~6,짝,좌"
"634455회차,1번 슬롯,1~3,홀,좌"
"634456회차,4번 슬롯,4~6,짝,우"
"634457회차,4번 슬롯,4~6,짝,우"
"634458회차,2번 슬롯,1~3,짝,좌"
"634459회차,6번 슬롯,4~6,짝,우"
"634460회차,3번 슬롯,1~3,홀,우"
"634461회차,3번 슬롯,1~3,홀,좌"
"634462회차,3번 슬롯,1~3,홀,좌"
"634463회차,4번 슬롯,4~6,짝,우"
"634464회차,4번 슬롯,4~6,짝,우"
"634465회차,3번 슬롯,1~3,홀,좌"
"634466회차,2번 슬롯,1~3,짝,좌"
"634467회차,5번 슬롯,4~6,홀,우"
"634468회차,3번 슬롯,1~3,홀,좌"
"634469회차,3번 슬롯,1~3,홀,우"
"634470회차,3번 슬롯,1~3,홀,좌"
"634471회차,3번 슬롯,1~3,홀,좌"
"634472회차,5번 슬롯,4~6,홀,우"
"634473회차,5번 슬롯,4~6,홀,좌"
"634474회차,4번 슬롯,4~6,짝,우"
"634475회차,1번 슬롯,1~3,홀,좌"
"634476회차,4번 슬롯,4~6,짝,좌"
"634477회차,2번 슬롯,1~3,짝,우"
"634478회차,5번 슬롯,4~6,홀,우"
"634479회차,2번 슬롯,1~3,짝,좌"
"634480회차,3번 슬롯,1~3,홀,좌"
"634481회차,5번 슬롯,4~6,홀,우"
"634482회차,6번 슬롯,4~6,짝,우"
"634483회차,2번 슬롯,1~3,짝,좌"
"634484회차,4번 슬롯,4~6,짝,우"
"634485회차,3번 슬롯,1~3,홀,우"
"634486회차,4번 슬롯,4~6,짝,우"
"634487회차,4번 슬롯,4~6,짝,좌"
"634488회차,5번 슬롯,4~6,홀,좌"
"634489회차,2번 슬롯,1~3,짝,좌"
"634490회차,5번 슬롯,4~6,홀,우"
"634491회차,5번 슬롯,4~6,홀,우"
"634492회차,4번 슬롯,4~6,짝,우"
"634493회차,4번 슬롯,4~6,짝,우"
"634494회차,3번 슬롯,1~3,홀,좌"
"634495회차,3번 슬롯,1~3,홀,우"
"634496회차,2번 슬롯,1~3,짝,좌"
"634497회차,2번 슬롯,1~3,짝,좌"
"634498회차,4번 슬롯,4~6,짝,우"
"634499회차,5번 슬롯,4~6,홀,우"
"634500회차,5번 슬롯,4~6,홀,우"
"634501회차,2번 슬롯,1~3,짝,우"
"634502회차,4번 슬롯,4~6,짝,우"
"634503회차,4번 슬롯,4~6,짝,좌"
"634504회차,3번 슬롯,1~3,홀,좌"
"634505회차,3번 슬롯,1~3,홀,좌"
"634506회차,3번 슬롯,1~3,홀,우"
"634507회차,4번 슬롯,4~6,짝,우"
"634508회차,2번 슬롯,1~3,짝,좌"
"634509회차,3번 슬롯,1~3,홀,좌"
"634510회차,3번 슬롯,1~3,홀,좌"
"634511회차,6번 슬롯,4~6,짝,우"
"634512회차,5번 슬롯,4~6,홀,우"
"634513회차,5번 슬롯,4~6,홀,우"
"634514회차,4번 슬롯,4~6,짝,우"
"634515회차,5번 슬롯,4~6,홀,우"
"634516회차,2번 슬롯,1~3,짝,좌"
"634517회차,3번 슬롯,1~3,홀,좌"
"634518회차,5번 슬롯,4~6,홀,우"
"634519회차,3번 슬롯,1~3,홀,좌"
"634520회차,5번 슬롯,4~6,홀,좌"
"634521회차,4번 슬롯,4~6,짝,좌"
"634522회차,1번 슬롯,1~3,홀,좌"
"634523회차,3번 슬롯,1~3,홀,좌"
"634524회차,5번 슬롯,4~6,홀,우"
"634525회차,4번 슬롯,4~6,짝,우"
"634526회차,3번 슬롯,1~3,홀,좌"
"634527회차,1번 슬롯,1~3,홀,좌"
"634528회차,4번 슬롯,4~6,짝,우"
"634529회차,4번 슬롯,4~6,짝,좌"
"634530회차,5번 슬롯,4~6,홀,우"
"634531회차,2번 슬롯,1~3,짝,좌"
"634532회차,4번 슬롯,4~6,짝,우"
"634533회차,4번 슬롯,4~6,짝,우"
"634534회차,3번 슬롯,1~3,홀,좌"
"634535회차,4번 슬롯,4~6,짝,우"
"634536회차,3번 슬롯,1~3,홀,우"
"634537회차,3번 슬롯,1~3,홀,좌"
"634538회차,4번 슬롯,4~6,짝,우"
"634539회차,3번 슬롯,1~3,홀,우"
"634540회차,3번 슬롯,1~3,홀,좌"
"634541회차,3번 슬롯,1~3,홀,좌"
"634542회차,4번 슬롯,4~6,짝,우"
"634543회차,3번 슬롯,1~3,홀,좌"
"634544회차,4번 슬롯,4~6,짝,우"
"634545회차,4번 슬롯,4~6,짝,우"
"634546회차,5번 슬롯,4~6,홀,우"
"634547회차,4번 슬롯,4~6,짝,우"
"634548회차,4번 슬롯,4~6,짝,우"
"634549회차,5번 슬롯,4~6,홀,우"
"634550회차,4번 슬롯,4~6,짝,좌"
"634551회차,4번 슬롯,4~6,짝,우"
"634552회차,4번 슬롯,4~6,짝,우"
"634553회차,3번 슬롯,1~3,홀,좌"
"634554회차,3번 슬롯,1~3,홀,우"
"634555회차,4번 슬롯,4~6,짝,좌"
"634556회차,3번 슬롯,1~3,홀,좌"
"634557회차,4번 슬롯,4~6,짝,우"
"634558회차,3번 슬롯,1~3,홀,좌"
"634559회차,1번 슬롯,1~3,홀,좌"
"634560회차,3번 슬롯,1~3,홀,좌"
"634561회차,2번 슬롯,1~3,짝,좌"
"634562회차,3번 슬롯,1~3,홀,우"
"634563회차,4번 슬롯,4~6,짝,좌"
"634564회차,4번 슬롯,4~6,짝,우"
"634565회차,3번 슬롯,1~3,홀,우"
"634566회차,6번 슬롯,4~6,짝,우"
"634567회차,3번 슬롯,1~3,홀,좌"
"634568회차,4번 슬롯,4~6,짝,좌"
"634569회차,4번 슬롯,4~6,짝,우"
"634570회차,3번 슬롯,1~3,홀,우"
"634571회차,4번 슬롯,4~6,짝,좌"
"634572회차,1번 슬롯,1~3,홀,좌"
