"634625회차,3번 슬롯,1~3,홀,우"
"634626회차,4번 슬롯,4~6,짝,우"
"634627회차,3번 슬롯,1~3,홀,우"
"634628회차,3번 슬롯,1~3,홀,좌"
"634629회차,4번 슬롯,4~6,짝,우"
"634630회차,3번 슬롯,1~3,홀,좌"
"634631회차,4번 슬롯,4~6,짝,좌"
"634632회차,3번 슬롯,1~3,홀,우"
"634633회차,3번 슬롯,1~3,홀,좌"
"634634회차,1번 슬롯,1~3,홀,좌"
"634635회차,3번 슬롯,1~3,홀,좌"
"634636회차,3번 슬롯,1~3,홀,좌"
"634637회차,5번 슬롯,4~6,홀,우"
"634638회차,3번 슬롯,1~3,홀,우"
"634639회차,4번 슬롯,4~6,짝,좌"
"634640회차,3번 슬롯,1~3,홀,좌"
"634641회차,4번 슬롯,4~6,짝,우"
"634642회차,5번 슬롯,4~6,홀,우"
"634643회차,4번 슬롯,4~6,짝,좌"
"634644회차,4번 슬롯,4~6,짝,우"
"634645회차,4번 슬롯,4~6,짝,좌"
"634646회차,3번 슬롯,1~3,홀,우"
"634647회차,5번 슬롯,4~6,홀,우"
"634648회차,4번 슬롯,4~6,짝,우"
"634649회차,2번 슬롯,1~3,짝,좌"
"634650회차,2번 슬롯,1~3,짝,좌"
"634651회차,5번 슬롯,4~6,홀,우"
"634652회차,2번 슬롯,1~3,짝,우"
"634653회차,4번 슬롯,4~6,짝,좌"
"634654회차,3번 슬롯,1~3,홀,우"
"634655회차,4번 슬롯,4~6,짝,우"
"634656회차,3번 슬롯,1~3,홀,우"
"634657회차,5번 슬롯,4~6,홀,좌"
"634658회차,3번 슬롯,1~3,홀,좌"
"634659회차,4번 슬롯,4~6,짝,우"
"634660회차,2번 슬롯,1~3,짝,좌"
"634661회차,1번 슬롯,1~3,홀,좌"
"634662회차,3번 슬롯,1~3,홀,우"
"634663회차,3번 슬롯,1~3,홀,우"
"634664회차,5번 슬롯,4~6,홀,좌"
"634665회차,2번 슬롯,1~3,짝,좌"
"634666회차,4번 슬롯,4~6,짝,좌"
"634667회차,2번 슬롯,1~3,짝,좌"
"634668회차,4번 슬롯,4~6,짝,좌"
"634669회차,5번 슬롯,4~6,홀,우"
"634670회차,3번 슬롯,1~3,홀,우"
"634671회차,3번 슬롯,1~3,홀,우"
"634672회차,4번 슬롯,4~6,짝,우"
"634673회차,3번 슬롯,1~3,홀,좌"
"634674회차,4번 슬롯,4~6,짝,우"
"634675회차,2번 슬롯,1~3,짝,좌"
"634676회차,4번 슬롯,4~6,짝,좌"
"634677회차,3번 슬롯,1~3,홀,우"
"634678회차,5번 슬롯,4~6,홀,우"
"634679회차,4번 슬롯,4~6,짝,좌"
"634680회차,3번 슬롯,1~3,홀,좌"
"634681회차,3번 슬롯,1~3,홀,좌"
"634682회차,2번 슬롯,1~3,짝,우"
"634683회차,4번 슬롯,4~6,짝,우"
"634684회차,4번 슬롯,4~6,짝,우"
"634685회차,4번 슬롯,4~6,짝,우"
"634686회차,5번 슬롯,4~6,홀,우"
"634687회차,3번 슬롯,1~3,홀,우"
"634688회차,3번 슬롯,1~3,홀,좌"
"634689회차,4번 슬롯,4~6,짝,좌"
"634690회차,5번 슬롯,4~6,홀,좌"
"634691회차,5번 슬롯,4~6,홀,우"
"634692회차,4번 슬롯,4~6,짝,우"
"634693회차,3번 슬롯,1~3,홀,우"
"634694회차,1번 슬롯,1~3,홀,좌"
"634695회차,6번 슬롯,4~6,짝,우"
"634696회차,3번 슬롯,1~3,홀,좌"
"634697회차,2번 슬롯,1~3,짝,좌"
"634698회차,2번 슬롯,1~3,짝,좌"
"634699회차,5번 슬롯,4~6,홀,좌"
"634700회차,4번 슬롯,4~6,짝,좌"
"634701회차,4번 슬롯,4~6,짝,좌"
"634702회차,3번 슬롯,1~3,홀,좌"
"634703회차,2번 슬롯,1~3,짝,좌"
"634704회차,5번 슬롯,4~6,홀,우"
"634705회차,2번 슬롯,1~3,짝,우"
"634706회차,4번 슬롯,4~6,짝,좌"
"634707회차,4번 슬롯,4~6,짝,우"
"634708회차,4번 슬롯,4~6,짝,우"
"634709회차,3번 슬롯,1~3,홀,우"
"634710회차,1번 슬롯,1~3,홀,좌"
"634711회차,4번 슬롯,4~6,짝,우"
"634712회차,4번 슬롯,4~6,짝,우"
"634713회차,3번 슬롯,1~3,홀,좌"
"634714회차,3번 슬롯,1~3,홀,좌"
"634715회차,4번 슬롯,4~6,짝,우"
"634716회차,3번 슬롯,1~3,홀,좌"
"634717회차,2번 슬롯,1~3,짝,좌"
"634718회차,5번 슬롯,4~6,홀,우"
"634719회차,3번 슬롯,1~3,홀,우"
"634720회차,3번 슬롯,1~3,홀,우"
"634721회차,4번 슬롯,4~6,짝,좌"
"634722회차,3번 슬롯,1~3,홀,우"
"634723회차,3번 슬롯,1~3,홀,좌"
"634724회차,4번 슬롯,4~6,짝,우"
"634725회차,3번 슬롯,1~3,홀,좌"
"634726회차,4번 슬롯,4~6,짝,우"
"634727회차,2번 슬롯,1~3,짝,좌"
"634728회차,6번 슬롯,4~6,짝,우"
"634729회차,5번 슬롯,4~6,홀,우"
"634730회차,5번 슬롯,4~6,홀,좌"
"634731회차,3번 슬롯,1~3,홀,우"
"634732회차,4번 슬롯,4~6,짝,좌"
"634733회차,6번 슬롯,4~6,짝,우"
"634734회차,6번 슬롯,4~6,짝,우"
"634735회차,3번 슬롯,1~3,홀,우"
"634736회차,3번 슬롯,1~3,홀,좌"
"634737회차,2번 슬롯,1~3,짝,좌"
"634738회차,5번 슬롯,4~6,홀,우"
"634739회차,4번 슬롯,4~6,짝,우"
"634740회차,4번 슬롯,4~6,짝,좌"
"634741회차,4번 슬롯,4~6,짝,우"
"634742회차,5번 슬롯,4~6,홀,좌"
"634743회차,4번 슬롯,4~6,짝,우"
"634744회차,4번 슬롯,4~6,짝,좌"
"634745회차,4번 슬롯,4~6,짝,좌"
"634746회차,1번 슬롯,1~3,홀,좌"
"634747회차,6번 슬롯,4~6,짝,우"
"634748회차,3번 슬롯,1~3,홀,좌"
"634749회차,2번 슬롯,1~3,짝,좌"
"634750회차,3번 슬롯,1~3,홀,우"
"634751회차,2번 슬롯,1~3,짝,좌"
"634752회차,5번 슬롯,4~6,홀,우"
"634753회차,5번 슬롯,4~6,홀,우"
"634754회차,3번 슬롯,1~3,홀,좌"
"634755회차,3번 슬롯,1~3,홀,우"
"634756회차,3번 슬롯,1~3,홀,좌"
"634757회차,3번 슬롯,1~3,홀,우"
"634758회차,4번 슬롯,4~6,짝,좌"
"634759회차,3번 슬롯,1~3,홀,우"
"634760회차,3번 슬롯,1~3,홀,좌"
"634761회차,4번 슬롯,4~6,짝,우"
"634762회차,4번 슬롯,4~6,짝,좌"
"634763회차,4번 슬롯,4~6,짝,우"
"634764회차,4번 슬롯,4~6,짝,우"
"634765회차,3번 슬롯,1~3,홀,좌"
"634766회차,3번 슬롯,1~3,홀,우"
"634767회차,3번 슬롯,1~3,홀,좌"
"634768회차,4번 슬롯,4~6,짝,우"
"634769회차,2번 슬롯,1~3,짝,좌"
"634770회차,4번 슬롯,4~6,짝,좌"
"634771회차,5번 슬롯,4~6,홀,우"
"634772회차,5번 슬롯,4~6,홀,우"
"634773회차,3번 슬롯,1~3,홀,좌"
"634774회차,5번 슬롯,4~6,홀,우"
"634775회차,1번 슬롯,1~3,홀,좌"
"634776회차,5번 슬롯,4~6,홀,우"
"634777회차,3번 슬롯,1~3,홀,우"
"634778회차,3번 슬롯,1~3,홀,좌"
"634779회차,2번 슬롯,1~3,짝,좌"
"634780회차,4번 슬롯,4~6,짝,우"
"634781회차,3번 슬롯,1~3,홀,좌"
"634782회차,3번 슬롯,1~3,홀,좌"
"634783회차,5번 슬롯,4~6,홀,좌"
"634784회차,4번 슬롯,4~6,짝,우"
"634785회차,4번 슬롯,4~6,짝,우"
"634786회차,4번 슬롯,4~6,짝,우"
"634787회차,3번 슬롯,1~3,홀,좌"
"634788회차,5번 슬롯,4~6,홀,좌"
"634789회차,4번 슬롯,4~6,짝,우"
"634790회차,5번 슬롯,4~6,홀,우"
"634791회차,4번 슬롯,4~6,짝,우"
"634792회차,3번 슬롯,1~3,홀,좌"
"634793회차,3번 슬롯,1~3,홀,좌"
"634794회차,4번 슬롯,4~6,짝,좌"
"634795회차,2번 슬롯,1~3,짝,좌"
"634796회차,3번 슬롯,1~3,홀,좌"
"634797회차,6번 슬롯,4~6,짝,우"
"634798회차,4번 슬롯,4~6,짝,좌"
"634799회차,3번 슬롯,1~3,홀,좌"
"634800회차,6번 슬롯,4~6,짝,우"
"634801회차,3번 슬롯,1~3,홀,우"
"634802회차,3번 슬롯,1~3,홀,우"
"634803회차,4번 슬롯,4~6,짝,우"
"634804회차,1번 슬롯,1~3,홀,좌"
"634805회차,4번 슬롯,4~6,짝,좌"
"634806회차,4번 슬롯,4~6,짝,우"
"634807회차,3번 슬롯,1~3,홀,좌"
"634808회차,3번 슬롯,1~3,홀,우"
"634809회차,4번 슬롯,4~6,짝,우"
"634810회차,4번 슬롯,4~6,짝,좌"
"634811회차,2번 슬롯,1~3,짝,좌"
"634812회차,2번 슬롯,1~3,짝,좌"
"634813회차,2번 슬롯,1~3,짝,좌"
"634814회차,3번 슬롯,1~3,홀,좌"
"634815회차,3번 슬롯,1~3,홀,우"
"634816회차,3번 슬롯,1~3,홀,좌"
"634817회차,3번 슬롯,1~3,홀,좌"
"634818회차,5번 슬롯,4~6,홀,우"
"634819회차,4번 슬롯,4~6,짝,좌"
"634820회차,4번 슬롯,4~6,짝,우"
"634821회차,4번 슬롯,4~6,짝,우"
"634822회차,3번 슬롯,1~3,홀,우"
"634823회차,5번 슬롯,4~6,홀,좌"
"634824회차,5번 슬롯,4~6,홀,좌"
"634825회차,4번 슬롯,4~6,짝,좌"
"634826회차,4번 슬롯,4~6,짝,좌"
"634827회차,3번 슬롯,1~3,홀,좌"
"634828회차,4번 슬롯,4~6,짝,우"
"634829회차,3번 슬롯,1~3,홀,우"
"634830회차,3번 슬롯,1~3,홀,좌"
"634831회차,4번 슬롯,4~6,짝,좌"
"634832회차,3번 슬롯,1~3,홀,우"
"634833회차,5번 슬롯,4~6,홀,좌"
"634834회차,3번 슬롯,1~3,홀,좌"
"634835회차,4번 슬롯,4~6,짝,우"
"634836회차,5번 슬롯,4~6,홀,우"
"634837회차,4번 슬롯,4~6,짝,우"
"634838회차,4번 슬롯,4~6,짝,우"
"634839회차,3번 슬롯,1~3,홀,우"
"634840회차,5번 슬롯,4~6,홀,우"
"634841회차,2번 슬롯,1~3,짝,좌"
"634842회차,4번 슬롯,4~6,짝,좌"
"634843회차,3번 슬롯,1~3,홀,우"
"634844회차,3번 슬롯,1~3,홀,좌"
"634845회차,3번 슬롯,1~3,홀,좌"
"634846회차,4번 슬롯,4~6,짝,우"
"634847회차,3번 슬롯,1~3,홀,좌"
"634848회차,4번 슬롯,4~6,짝,우"
"634849회차,4번 슬롯,4~6,짝,좌"
"634850회차,5번 슬롯,4~6,홀,좌"
"634851회차,3번 슬롯,1~3,홀,좌"
"634852회차,6번 슬롯,4~6,짝,우"
"634853회차,1번 슬롯,1~3,홀,좌"
"634854회차,4번 슬롯,4~6,짝,우"
"634855회차,5번 슬롯,4~6,홀,우"
"634856회차,2번 슬롯,1~3,짝,좌"
"634857회차,3번 슬롯,1~3,홀,좌"
"634858회차,3번 슬롯,1~3,홀,좌"
"634859회차,5번 슬롯,4~6,홀,좌"
"634860회차,4번 슬롯,4~6,짝,우"
"634861회차,3번 슬롯,1~3,홀,좌"
"634862회차,3번 슬롯,1~3,홀,우"
"634863회차,4번 슬롯,4~6,짝,좌"
"634864회차,4번 슬롯,4~6,짝,우"
"634865회차,4번 슬롯,4~6,짝,우"
"634866회차,4번 슬롯,4~6,짝,우"
"634867회차,5번 슬롯,4~6,홀,우"
"634868회차,3번 슬롯,1~3,홀,우"
"634869회차,5번 슬롯,4~6,홀,우"
"634870회차,3번 슬롯,1~3,홀,좌"
"634871회차,5번 슬롯,4~6,홀,우"
"634872회차,2번 슬롯,1~3,짝,좌"
"634873회차,4번 슬롯,4~6,짝,우"
"634874회차,3번 슬롯,1~3,홀,좌"
"634875회차,6번 슬롯,4~6,짝,우"
"634876회차,5번 슬롯,4~6,홀,좌"
"634877회차,3번 슬롯,1~3,홀,좌"
"634878회차,3번 슬롯,1~3,홀,우"
"634879회차,5번 슬롯,4~6,홀,좌"
"634880회차,4번 슬롯,4~6,짝,우"
"634881회차,2번 슬롯,1~3,짝,좌"
"634882회차,2번 슬롯,1~3,짝,좌"
"634883회차,6번 슬롯,4~6,짝,우"
"634884회차,5번 슬롯,4~6,홀,우"
"634885회차,5번 슬롯,4~6,홀,좌"
"634886회차,3번 슬롯,1~3,홀,좌"
"634887회차,4번 슬롯,4~6,짝,좌"
"634888회차,5번 슬롯,4~6,홀,우"
"634889회차,4번 슬롯,4~6,짝,우"
"634890회차,4번 슬롯,4~6,짝,우"
"634891회차,2번 슬롯,1~3,짝,좌"
"634892회차,3번 슬롯,1~3,홀,우"
"634893회차,4번 슬롯,4~6,짝,우"
"634894회차,4번 슬롯,4~6,짝,우"
"634895회차,3번 슬롯,1~3,홀,좌"
"634896회차,1번 슬롯,1~3,홀,좌"
"634897회차,3번 슬롯,1~3,홀,좌"
"634898회차,5번 슬롯,4~6,홀,우"
"634899회차,5번 슬롯,4~6,홀,우"
"634900회차,4번 슬롯,4~6,짝,우"
"634901회차,6번 슬롯,4~6,짝,우"
"634902회차,4번 슬롯,4~6,짝,우"
"634903회차,3번 슬롯,1~3,홀,우"
"634904회차,4번 슬롯,4~6,짝,우"
"634905회차,3번 슬롯,1~3,홀,좌"
"634906회차,2번 슬롯,1~3,짝,좌"
"634907회차,3번 슬롯,1~3,홀,좌"
"634908회차,3번 슬롯,1~3,홀,좌"
"634909회차,3번 슬롯,1~3,홀,우"
"634910회차,4번 슬롯,4~6,짝,좌"
"634911회차,4번 슬롯,4~6,짝,우"
"634912회차,2번 슬롯,1~3,짝,좌"
"634913회차,3번 슬롯,1~3,홀,우"
"634914회차,3번 슬롯,1~3,홀,좌"
"634915회차,4번 슬롯,4~6,짝,우"
"634916회차,4번 슬롯,4~6,짝,우"
"634917회차,4번 슬롯,4~6,짝,우"
"634918회차,5번 슬롯,4~6,홀,우"
"634919회차,2번 슬롯,1~3,짝,좌"
"634920회차,3번 슬롯,1~3,홀,우"
"634921회차,5번 슬롯,4~6,홀,좌"
"634922회차,3번 슬롯,1~3,홀,좌"
"634923회차,2번 슬롯,1~3,짝,좌"
"634924회차,4번 슬롯,4~6,짝,우"
"634925회차,1번 슬롯,1~3,홀,좌"
"634926회차,3번 슬롯,1~3,홀,좌"
"634927회차,5번 슬롯,4~6,홀,우"
"634928회차,3번 슬롯,1~3,홀,우"
"634929회차,4번 슬롯,4~6,짝,좌"
"634930회차,3번 슬롯,1~3,홀,우"
"634931회차,3번 슬롯,1~3,홀,좌"
"634932회차,2번 슬롯,1~3,짝,좌"
"634933회차,1번 슬롯,1~3,홀,좌"
"634934회차,2번 슬롯,1~3,짝,좌"
"634935회차,6번 슬롯,4~6,짝,우"
"634936회차,4번 슬롯,4~6,짝,우"
"634937회차,3번 슬롯,1~3,홀,좌"
"634938회차,4번 슬롯,4~6,짝,좌"
"634939회차,3번 슬롯,1~3,홀,우"
"634940회차,5번 슬롯,4~6,홀,우"
"634941회차,2번 슬롯,1~3,짝,우"
"634942회차,4번 슬롯,4~6,짝,좌"
"634943회차,3번 슬롯,1~3,홀,좌"
"634944회차,4번 슬롯,4~6,짝,좌"
"634945회차,3번 슬롯,1~3,홀,우"
"634946회차,3번 슬롯,1~3,홀,좌"
"634947회차,3번 슬롯,1~3,홀,좌"
"634948회차,4번 슬롯,4~6,짝,우"
"634949회차,3번 슬롯,1~3,홀,좌"
"634950회차,2번 슬롯,1~3,짝,좌"
"634951회차,4번 슬롯,4~6,짝,좌"
"634952회차,4번 슬롯,4~6,짝,우"
"634953회차,2번 슬롯,1~3,짝,우"
"634954회차,2번 슬롯,1~3,짝,우"
"634955회차,5번 슬롯,4~6,홀,우"
"634956회차,3번 슬롯,1~3,홀,우"
"634957회차,1번 슬롯,1~3,홀,좌"
"634958회차,2번 슬롯,1~3,짝,좌"
"634959회차,4번 슬롯,4~6,짝,우"
"634960회차,4번 슬롯,4~6,짝,우"
"634961회차,5번 슬롯,4~6,홀,우"
"634962회차,3번 슬롯,1~3,홀,좌"
"634963회차,4번 슬롯,4~6,짝,좌"
"634964회차,5번 슬롯,4~6,홀,우"
"634965회차,3번 슬롯,1~3,홀,좌"
"634966회차,4번 슬롯,4~6,짝,우"
"634967회차,3번 슬롯,1~3,홀,우"
"634968회차,4번 슬롯,4~6,짝,우"
"634969회차,4번 슬롯,4~6,짝,우"
"634970회차,4번 슬롯,4~6,짝,좌"
"634971회차,2번 슬롯,1~3,짝,좌"
"634972회차,3번 슬롯,1~3,홀,좌"
"634973회차,3번 슬롯,1~3,홀,좌"
"634974회차,2번 슬롯,1~3,짝,좌"
"634975회차,4번 슬롯,4~6,짝,좌"
"634976회차,3번 슬롯,1~3,홀,좌"
"634977회차,5번 슬롯,4~6,홀,좌"
"634978회차,2번 슬롯,1~3,짝,좌"
"634979회차,4번 슬롯,4~6,짝,좌"
"634980회차,3번 슬롯,1~3,홀,우"
"634981회차,2번 슬롯,1~3,짝,우"
"634982회차,3번 슬롯,1~3,홀,좌"
"634983회차,2번 슬롯,1~3,짝,좌"
"634984회차,3번 슬롯,1~3,홀,좌"
"634985회차,2번 슬롯,1~3,짝,좌"
"634986회차,3번 슬롯,1~3,홀,좌"
"634987회차,5번 슬롯,4~6,홀,우"
"634988회차,4번 슬롯,4~6,짝,좌"
"634989회차,4번 슬롯,4~6,짝,좌"
"634990회차,3번 슬롯,1~3,홀,우"
"634991회차,3번 슬롯,1~3,홀,좌"
"634992회차,6번 슬롯,4~6,짝,우"
"634993회차,3번 슬롯,1~3,홀,좌"
"634994회차,4번 슬롯,4~6,짝,좌"
"634995회차,3번 슬롯,1~3,홀,우"
"634996회차,3번 슬롯,1~3,홀,좌"
"634997회차,6번 슬롯,4~6,짝,우"
"634998회차,3번 슬롯,1~3,홀,좌"
"634999회차,2번 슬롯,1~3,짝,좌"
"635000회차,3번 슬롯,1~3,홀,좌"
"635001회차,2번 슬롯,1~3,짝,좌"
"635002회차,5번 슬롯,4~6,홀,우"
"635003회차,4번 슬롯,4~6,짝,우"
"635004회차,4번 슬롯,4~6,짝,우"
"635005회차,4번 슬롯,4~6,짝,우"
"635006회차,4번 슬롯,4~6,짝,좌"
"635007회차,5번 슬롯,4~6,홀,우"
"635008회차,4번 슬롯,4~6,짝,우"
"635009회차,3번 슬롯,1~3,홀,좌"
"635010회차,4번 슬롯,4~6,짝,우"
"635011회차,1번 슬롯,1~3,홀,좌"
"635012회차,3번 슬롯,1~3,홀,우"
"635013회차,2번 슬롯,1~3,짝,우"
"635014회차,5번 슬롯,4~6,홀,우"
"635015회차,4번 슬롯,4~6,짝,우"
"635016회차,3번 슬롯,1~3,홀,우"
"635017회차,6번 슬롯,4~6,짝,우"
"635018회차,4번 슬롯,4~6,짝,우"
"635019회차,3번 슬롯,1~3,홀,좌"
"635020회차,4번 슬롯,4~6,짝,우"
"635021회차,4번 슬롯,4~6,짝,우"
"635022회차,2번 슬롯,1~3,짝,우"
"635023회차,2번 슬롯,1~3,짝,우"
"635024회차,3번 슬롯,1~3,홀,좌"
"635025회차,4번 슬롯,4~6,짝,좌"
"635026회차,5번 슬롯,4~6,홀,우"
"635027회차,5번 슬롯,4~6,홀,우"
"635028회차,3번 슬롯,1~3,홀,우"
"635029회차,4번 슬롯,4~6,짝,좌"
"635030회차,3번 슬롯,1~3,홀,좌"
"635031회차,4번 슬롯,4~6,짝,우"
"635032회차,5번 슬롯,4~6,홀,우"
"635033회차,3번 슬롯,1~3,홀,좌"
"635034회차,4번 슬롯,4~6,짝,우"
"635035회차,3번 슬롯,1~3,홀,우"
"635036회차,2번 슬롯,1~3,짝,좌"
"635037회차,4번 슬롯,4~6,짝,좌"
"635038회차,2번 슬롯,1~3,짝,우"
"635039회차,6번 슬롯,4~6,짝,우"
"635040회차,2번 슬롯,1~3,짝,좌"
"635041회차,2번 슬롯,1~3,짝,좌"
"635042회차,5번 슬롯,4~6,홀,좌"
"635043회차,2번 슬롯,1~3,짝,좌"
"635044회차,3번 슬롯,1~3,홀,좌"
"635045회차,5번 슬롯,4~6,홀,좌"
"635046회차,4번 슬롯,4~6,짝,좌"
"635047회차,5번 슬롯,4~6,홀,우"
"635048회차,3번 슬롯,1~3,홀,우"
"635049회차,4번 슬롯,4~6,짝,좌"
"635050회차,5번 슬롯,4~6,홀,우"
"635051회차,3번 슬롯,1~3,홀,우"
"635052회차,5번 슬롯,4~6,홀,우"
"635053회차,5번 슬롯,4~6,홀,우"
"635054회차,2번 슬롯,1~3,짝,좌"
"635055회차,2번 슬롯,1~3,짝,좌"
"635056회차,4번 슬롯,4~6,짝,우"
"635057회차,4번 슬롯,4~6,짝,우"
"635058회차,5번 슬롯,4~6,홀,우"
"635059회차,4번 슬롯,4~6,짝,좌"
"635060회차,6번 슬롯,4~6,짝,우"
"635061회차,4번 슬롯,4~6,짝,좌"
"635062회차,6번 슬롯,4~6,짝,우"
"635063회차,2번 슬롯,1~3,짝,좌"
"635064회차,2번 슬롯,1~3,짝,좌"
"635065회차,3번 슬롯,1~3,홀,좌"
"635066회차,4번 슬롯,4~6,짝,좌"
"635067회차,4번 슬롯,4~6,짝,좌"
"635068회차,2번 슬롯,1~3,짝,좌"
"635069회차,6번 슬롯,4~6,짝,우"
"635070회차,3번 슬롯,1~3,홀,좌"
"635071회차,3번 슬롯,1~3,홀,우"
"635072회차,6번 슬롯,4~6,짝,우"
"635073회차,3번 슬롯,1~3,홀,좌"
"635074회차,4번 슬롯,4~6,짝,좌"
"635075회차,4번 슬롯,4~6,짝,좌"
"635076회차,5번 슬롯,4~6,홀,우"
"635077회차,3번 슬롯,1~3,홀,우"
"635078회차,5번 슬롯,4~6,홀,우"
"635079회차,5번 슬롯,4~6,홀,우"
"635080회차,3번 슬롯,1~3,홀,우"
"635081회차,3번 슬롯,1~3,홀,좌"
"635082회차,4번 슬롯,4~6,짝,우"
"635083회차,4번 슬롯,4~6,짝,우"
"635084회차,1번 슬롯,1~3,홀,좌"
"635085회차,5번 슬롯,4~6,홀,우"
"635086회차,2번 슬롯,1~3,짝,좌"
"635087회차,4번 슬롯,4~6,짝,우"
"635088회차,6번 슬롯,4~6,짝,우"
"635089회차,2번 슬롯,1~3,짝,좌"
"635090회차,2번 슬롯,1~3,짝,좌"
"635091회차,5번 슬롯,4~6,홀,우"
"635092회차,6번 슬롯,4~6,짝,우"
"635093회차,2번 슬롯,1~3,짝,좌"
"635094회차,2번 슬롯,1~3,짝,좌"
"635095회차,4번 슬롯,4~6,짝,좌"
"635096회차,3번 슬롯,1~3,홀,좌"
"635097회차,3번 슬롯,1~3,홀,좌"
"635098회차,2번 슬롯,1~3,짝,우"
"635099회차,3번 슬롯,1~3,홀,우"
"635100회차,5번 슬롯,4~6,홀,우"
"635101회차,5번 슬롯,4~6,홀,우"
"635102회차,4번 슬롯,4~6,짝,좌"
"635103회차,6번 슬롯,4~6,짝,우"
"635104회차,3번 슬롯,1~3,홀,좌"
"635105회차,4번 슬롯,4~6,짝,좌"
"635106회차,5번 슬롯,4~6,홀,좌"
"635107회차,3번 슬롯,1~3,홀,좌"
"635108회차,4번 슬롯,4~6,짝,좌"
"635109회차,4번 슬롯,4~6,짝,우"
"635110회차,5번 슬롯,4~6,홀,우"
"635111회차,3번 슬롯,1~3,홀,우"
"635112회차,4번 슬롯,4~6,짝,우"
"635113회차,3번 슬롯,1~3,홀,좌"
"635114회차,3번 슬롯,1~3,홀,우"
"635115회차,1번 슬롯,1~3,홀,좌"
"635116회차,3번 슬롯,1~3,홀,좌"
"635117회차,4번 슬롯,4~6,짝,좌"
"635118회차,3번 슬롯,1~3,홀,좌"
"635119회차,3번 슬롯,1~3,홀,좌"
"635120회차,4번 슬롯,4~6,짝,우"
"635121회차,3번 슬롯,1~3,홀,우"
"635122회차,2번 슬롯,1~3,짝,우"
"635123회차,5번 슬롯,4~6,홀,우"
"635124회차,3번 슬롯,1~3,홀,우"
"635125회차,4번 슬롯,4~6,짝,우"
"635126회차,1번 슬롯,1~3,홀,좌"
"635127회차,4번 슬롯,4~6,짝,좌"
"635128회차,3번 슬롯,1~3,홀,좌"
"635129회차,2번 슬롯,1~3,짝,좌"
"635130회차,3번 슬롯,1~3,홀,우"
"635131회차,5번 슬롯,4~6,홀,우"
"635132회차,4번 슬롯,4~6,짝,우"
"635133회차,4번 슬롯,4~6,짝,좌"
"635134회차,4번 슬롯,4~6,짝,우"
"635135회차,2번 슬롯,1~3,짝,좌"
"635136회차,3번 슬롯,1~3,홀,좌"
"635137회차,6번 슬롯,4~6,짝,우"
"635138회차,2번 슬롯,1~3,짝,좌"
"635139회차,2번 슬롯,1~3,짝,좌"
"635140회차,3번 슬롯,1~3,홀,좌"
"635141회차,2번 슬롯,1~3,짝,좌"
"635142회차,3번 슬롯,1~3,홀,좌"
"635143회차,4번 슬롯,4~6,짝,우"
"635144회차,4번 슬롯,4~6,짝,좌"
"635145회차,4번 슬롯,4~6,짝,좌"
"635146회차,4번 슬롯,4~6,짝,좌"
"635147회차,5번 슬롯,4~6,홀,우"
"635148회차,6번 슬롯,4~6,짝,우"
"635149회차,5번 슬롯,4~6,홀,우"
"635150회차,3번 슬롯,1~3,홀,좌"
"635151회차,4번 슬롯,4~6,짝,우"
"635152회차,3번 슬롯,1~3,홀,좌"
"635153회차,5번 슬롯,4~6,홀,우"
"635154회차,3번 슬롯,1~3,홀,우"
"635155회차,4번 슬롯,4~6,짝,우"
"635156회차,4번 슬롯,4~6,짝,좌"
"635157회차,3번 슬롯,1~3,홀,우"
"635158회차,3번 슬롯,1~3,홀,좌"
"635159회차,3번 슬롯,1~3,홀,우"
"635160회차,2번 슬롯,1~3,짝,좌"
"635161회차,3번 슬롯,1~3,홀,우"
"635162회차,4번 슬롯,4~6,짝,좌"
"635163회차,2번 슬롯,1~3,짝,우"
"635164회차,4번 슬롯,4~6,짝,좌"
"635165회차,3번 슬롯,1~3,홀,좌"
"635166회차,3번 슬롯,1~3,홀,우"
"635167회차,5번 슬롯,4~6,홀,우"
"635168회차,2번 슬롯,1~3,짝,좌"
"635169회차,4번 슬롯,4~6,짝,좌"
"635170회차,3번 슬롯,1~3,홀,우"
"635171회차,4번 슬롯,4~6,짝,우"
"635172회차,3번 슬롯,1~3,홀,좌"
"635173회차,5번 슬롯,4~6,홀,우"
"635174회차,1번 슬롯,1~3,홀,좌"
"635175회차,2번 슬롯,1~3,짝,좌"
"635176회차,3번 슬롯,1~3,홀,좌"
"635177회차,2번 슬롯,1~3,짝,좌"
"635178회차,3번 슬롯,1~3,홀,우"
"635179회차,5번 슬롯,4~6,홀,우"
"635180회차,4번 슬롯,4~6,짝,좌"
"635181회차,5번 슬롯,4~6,홀,우"
"635182회차,5번 슬롯,4~6,홀,좌"
"635183회차,4번 슬롯,4~6,짝,우"
"635184회차,3번 슬롯,1~3,홀,좌"
"635185회차,4번 슬롯,4~6,짝,우"
"635186회차,5번 슬롯,4~6,홀,우"
"635187회차,5번 슬롯,4~6,홀,우"
"635188회차,3번 슬롯,1~3,홀,좌"
"635189회차,4번 슬롯,4~6,짝,우"
"635190회차,4번 슬롯,4~6,짝,우"
"635191회차,3번 슬롯,1~3,홀,우"
"635192회차,4번 슬롯,4~6,짝,좌"
"635193회차,2번 슬롯,1~3,짝,우"
"635194회차,4번 슬롯,4~6,짝,우"
"635195회차,2번 슬롯,1~3,짝,좌"
"635196회차,3번 슬롯,1~3,홀,좌"
"635197회차,3번 슬롯,1~3,홀,좌"
"635198회차,3번 슬롯,1~3,홀,좌"
"635199회차,2번 슬롯,1~3,짝,좌"
"635200회차,3번 슬롯,1~3,홀,우"
"635201회차,1번 슬롯,1~3,홀,좌"
"635202회차,3번 슬롯,1~3,홀,좌"
"635203회차,5번 슬롯,4~6,홀,좌"
"635204회차,3번 슬롯,1~3,홀,좌"
"635205회차,3번 슬롯,1~3,홀,우"
"635206회차,5번 슬롯,4~6,홀,우"
"635207회차,2번 슬롯,1~3,짝,좌"
"635208회차,3번 슬롯,1~3,홀,우"
"635209회차,3번 슬롯,1~3,홀,우"
"635210회차,3번 슬롯,1~3,홀,좌"
"635211회차,4번 슬롯,4~6,짝,우"
"635212회차,5번 슬롯,4~6,홀,우"
"635213회차,3번 슬롯,1~3,홀,좌"
"635214회차,5번 슬롯,4~6,홀,우"
"635215회차,3번 슬롯,1~3,홀,좌"
"635216회차,4번 슬롯,4~6,짝,우"
"635217회차,4번 슬롯,4~6,짝,우"
"635218회차,5번 슬롯,4~6,홀,좌"
"635219회차,3번 슬롯,1~3,홀,좌"
"635220회차,4번 슬롯,4~6,짝,좌"
"635221회차,4번 슬롯,4~6,짝,좌"
"635222회차,2번 슬롯,1~3,짝,좌"
"635223회차,3번 슬롯,1~3,홀,우"
"635224회차,3번 슬롯,1~3,홀,좌"
"635225회차,4번 슬롯,4~6,짝,좌"
"635226회차,3번 슬롯,1~3,홀,우"
"635227회차,5번 슬롯,4~6,홀,우"
"635228회차,4번 슬롯,4~6,짝,좌"
"635229회차,5번 슬롯,4~6,홀,우"
"635230회차,3번 슬롯,1~3,홀,좌"
"635231회차,3번 슬롯,1~3,홀,좌"
"635232회차,5번 슬롯,4~6,홀,좌"
"635233회차,4번 슬롯,4~6,짝,우"
"635234회차,5번 슬롯,4~6,홀,우"
"635235회차,2번 슬롯,1~3,짝,우"
"635236회차,5번 슬롯,4~6,홀,우"
"635237회차,4번 슬롯,4~6,짝,좌"
"635238회차,5번 슬롯,4~6,홀,우"
"635239회차,4번 슬롯,4~6,짝,우"
"635240회차,3번 슬롯,1~3,홀,좌"
"635241회차,5번 슬롯,4~6,홀,우"
"635242회차,3번 슬롯,1~3,홀,좌"
"635243회차,4번 슬롯,4~6,짝,우"
"635244회차,3번 슬롯,1~3,홀,좌"
"635245회차,5번 슬롯,4~6,홀,좌"
"635246회차,5번 슬롯,4~6,홀,좌"
"635247회차,4번 슬롯,4~6,짝,우"
"635248회차,2번 슬롯,1~3,짝,좌"
"635249회차,3번 슬롯,1~3,홀,좌"
"635250회차,2번 슬롯,1~3,짝,좌"
"635251회차,3번 슬롯,1~3,홀,좌"
"635252회차,4번 슬롯,4~6,짝,우"
"635253회차,4번 슬롯,4~6,짝,우"
"635254회차,5번 슬롯,4~6,홀,우"
"635255회차,4번 슬롯,4~6,짝,좌"
"635256회차,3번 슬롯,1~3,홀,좌"
"635257회차,5번 슬롯,4~6,홀,우"
"635258회차,5번 슬롯,4~6,홀,우"
"635259회차,3번 슬롯,1~3,홀,우"
"635260회차,1번 슬롯,1~3,홀,좌"
"635261회차,2번 슬롯,1~3,짝,좌"
"635262회차,3번 슬롯,1~3,홀,좌"
"635263회차,4번 슬롯,4~6,짝,우"
"635264회차,4번 슬롯,4~6,짝,좌"
"635265회차,4번 슬롯,4~6,짝,좌"
"635266회차,3번 슬롯,1~3,홀,우"
"635267회차,4번 슬롯,4~6,짝,우"
"635268회차,3번 슬롯,1~3,홀,좌"
"635269회차,3번 슬롯,1~3,홀,우"
"635270회차,5번 슬롯,4~6,홀,좌"
"635271회차,2번 슬롯,1~3,짝,좌"
"635272회차,3번 슬롯,1~3,홀,좌"
"635273회차,5번 슬롯,4~6,홀,우"
"635274회차,3번 슬롯,1~3,홀,좌"
"635275회차,4번 슬롯,4~6,짝,우"
"635276회차,3번 슬롯,1~3,홀,우"
"635277회차,3번 슬롯,1~3,홀,우"
"635278회차,6번 슬롯,4~6,짝,우"
"635279회차,4번 슬롯,4~6,짝,우"
"635280회차,3번 슬롯,1~3,홀,우"
"635281회차,1번 슬롯,1~3,홀,좌"
"635282회차,3번 슬롯,1~3,홀,우"
"635283회차,2번 슬롯,1~3,짝,좌"
"635284회차,3번 슬롯,1~3,홀,우"
"635285회차,5번 슬롯,4~6,홀,우"
"635286회차,4번 슬롯,4~6,짝,좌"
"635287회차,4번 슬롯,4~6,짝,좌"
"635288회차,4번 슬롯,4~6,짝,우"
"635289회차,4번 슬롯,4~6,짝,우"
"635290회차,1번 슬롯,1~3,홀,좌"
"635291회차,3번 슬롯,1~3,홀,좌"
"635292회차,4번 슬롯,4~6,짝,좌"
